ローラン,ランサー,2,ハード・スラッシュ,敵軍一列に小ダメージ,ダメージ,一列,小,敵軍全師団防御値ダウン(２０％),防御値,ダウン,２０％,,,,,,,,
ローラン,キャスター,3,ウォークライ,自軍全師団全能力値アップ(２０％),全能力値,アップ,２０％,自軍全師団人間特攻付与(１),人,,1,フォース増加(中),フォース,増加,中,,,,
ローラン,ランサー,3,ソード・ブレイク,敵軍一列に小ダメージ,ダメージ,一列,小,敵軍全師団攻撃値ダウン(２０％),攻撃値,ダウン,２０％,自軍全師団器兵特攻付与(１),器,,1,自軍全師団騎士特攻付与(１),騎,,1
ローラン,ブレイダー,3,シューティングスター,敵軍単体に大ダメージ,ダメージ,単体,大,敵軍城壁に微ダメージ,城壁ダメージ,,微,自軍全師団飛行特攻付与(１),飛,,1,自軍全師団星天特攻付与(１),星,,1
ローラン,デストロイヤー,4,オーバーレイ,敵軍師団に中ダメージ,ダメージ,師団,中,自軍全師団攻撃値アップ(４０％),攻撃値,アップ,４０％,自軍全師団竜族特攻付与(１),竜,,1,自軍全師団超越特攻付与(１),超,,1
英雄ローラン,ランサー,2,バースト・スラッシュ,敵軍一列に中ダメージ,ダメージ,一列,中,敵軍全師団防御値ダウン(２５％),防御値,ダウン,２５％,,,,,,,,
英雄ローラン,キャスター,3,エンペラーズ・ギフト,自軍全師団全能力値アップ(３５％),全能力値,アップ,３５％,自軍全師団女性特攻付与(１),女,,1,自軍全師団男性特攻付与(１),男,,1,フォース増加(大),フォース,増加,大
英雄ローラン,ブレイダー,3,バースト・ラッシュ,敵軍単体に特大ダメージ,ダメージ,単体,特大,敵軍全師団攻撃値ダウン(３０％),攻撃値,ダウン,３０％,自軍全師団器兵特攻付与(１),器,,1,自軍全師団騎士特攻付与(１),騎,,1
英雄ローラン,ランサー,3,メテオドライブ,敵軍一列に大ダメージ,ダメージ,一列,大,敵軍城壁に小ダメージ,城壁ダメージ,,小,自軍全師団飛行特攻付与(１),飛,,1,自軍全師団星天特攻付与(１),星,,1
英雄ローラン,デストロイヤー,4,バーストレイ,敵軍師団に大ダメージ,ダメージ,師団,大,自軍全師団攻撃値アップ(５０％),攻撃値,アップ,５０％,自軍全師団竜族特攻付与(１),竜,,1,自軍全師団超越特攻付与(２),超,,2
支配者ローラン,ランサー,2,ソウル・スラッシュ,敵軍一列に中ダメージ,ダメージ,一列,中,敵軍全師団防御値ダウン(３０％),防御値,ダウン,３０％,敵軍一列に呪い付与,呪い付与,一列,,,,,
支配者ローラン,キャスター,3,グリード・リンカー,自軍全師団全能力値アップ(２５％),全能力値,アップ,２５％,自軍全師団女性特攻付与(１),女,,1,自軍全師団神族特攻付与(１),神,,1,フォース増加(大),フォース,増加,大
支配者ローラン,デストロイヤー,3,ソウル・ブレイク,敵軍師団に小ダメージ,ダメージ,師団,小,敵軍全体に解除付与,解除付与,全体,,自軍全師団器兵特攻付与(１),器,,1,自軍全師団騎士特攻付与(１),騎,,1
支配者ローラン,ランサー,3,スターブレイカー,敵軍一列に大ダメージ,ダメージ,一列,大,敵軍一列に麻痺付与,麻痺付与,一列,,自軍全師団飛行特攻付与(１),飛,,1,自軍全師団星天特攻付与(１),星,,1
支配者ローラン,デストロイヤー,4,ブラスターレイ,敵軍師団に大ダメージ,ダメージ,師団,大,自軍全師団攻撃値アップ(５０％),攻撃値,アップ,５０％,自軍全師団竜族特攻付与(１),竜,,1,自軍全師団超越特攻付与(２),超,,2
リーンフォルテ,ランサー,2,ソーン・エッジ,敵軍一列に小ダメージ,ダメージ,一列,小,敵軍一列に麻痺付与,麻痺付与,一列,,,,,,,,,
リーンフォルテ,ヒーラー,2,セイクリッド・オーダー,自軍１師団蘇生(微),蘇生,師団,微,自軍全師団全能力値アップ(１５％),全能力値,アップ,１５％,,,,,,,,
リーンフォルテ,ランサー,3,ブロッサム・インペイル,敵軍一列に中ダメージ,ダメージ,一列,中,敵軍全師団攻撃値ダウン(３０％),攻撃値,ダウン,３０％,自軍全師団竜族特攻付与(１),竜,,1,自軍全師団死者特攻付与(１),死,,1
リーンフォルテ,ブレイダー,3,心核を暴く茨,敵軍単体に大ダメージ,ダメージ,単体,大,敵軍全師団防御値ダウン(３０％),防御値,ダウン,３０％,自軍全師団魔族特攻付与(１),魔,,1,自軍全師団神族特攻付与(１),神,,1
リーンフォルテ,デストロイヤー,4,レギンレイヴ,敵軍師団に中ダメージ,ダメージ,師団,中,自軍全師団全能力値アップ(２５％),全能力値,アップ,２５％,自軍１師団蘇生(中),蘇生,師団,中,自軍全師団星天特攻付与(１),星,,1
福音のリーンフォルテ,ランサー,2,ソーン・エッジ,敵軍一列に小ダメージ,ダメージ,一列,小,敵軍一列に麻痺付与,麻痺付与,一列,,,,,,,,,
福音のリーンフォルテ,ヒーラー,4,セイクリッド・オーダー,自軍全師団蘇生(中),蘇生,全師団,中,自軍全師団全能力値アップ(２０％),全能力値,アップ,２０％,,,,,,,,
福音のリーンフォルテ,ランサー,3,ブロッサム・インペイル,敵軍一列に中ダメージ,ダメージ,一列,中,敵軍全師団攻撃値ダウン(３５％),攻撃値,ダウン,３５％,自軍全師団竜族特攻付与(１),竜,,1,自軍全師団死者特攻付与(１),死,,1
福音のリーンフォルテ,ブレイダー,3,心核を暴く茨,敵軍単体に大ダメージ,ダメージ,単体,大,敵軍全師団防御値ダウン(３５％),防御値,ダウン,３５％,自軍全師団魔族特攻付与(１),魔,,1,自軍全師団神族特攻付与(１),神,,1
福音のリーンフォルテ,デストロイヤー,4,レギンレイヴ,敵軍師団に中ダメージ,ダメージ,師団,中,自軍全師団全能力値アップ(３０％),全能力値,アップ,３０％,自軍１師団蘇生(特),蘇生,師団,特,自軍全師団星天特攻付与(２),星,,2
魔戦姫リーンフォルテ,ランサー,2,スケイル・エッジ,敵軍一列に小ダメージ,ダメージ,一列,小,敵軍一列に麻痺付与,麻痺付与,一列,,バリア効果(小),バリア,,小,,,,
魔戦姫リーンフォルテ,ヒーラー,4,ドラゴン・ブラッド,自軍全師団蘇生(小),蘇生,全師団,小,自軍全師団全能力値アップ(２５％),全能力値,アップ,２５％,,,,,,,,
魔戦姫リーンフォルテ,ランサー,3,スピニング・ヴァイパー,敵軍一列に中ダメージ,ダメージ,一列,中,敵軍全師団攻撃値ダウン(４０％),攻撃値,ダウン,４０％,自軍全師団竜族特攻付与(１),竜,,1,自軍全師団死者特攻付与(１),死,,1
魔戦姫リーンフォルテ,ブレイダー,3,紅き薔薇の聖母,敵軍単体に大ダメージ,ダメージ,単体,大,敵軍全師団防御値ダウン(４０％),防御値,ダウン,４０％,自軍全師団魔族特攻付与(１),魔,,1,自軍全師団神族特攻付与(１),神,,1
魔戦姫リーンフォルテ,デストロイヤー,4,ジークフリート,敵軍師団に中ダメージ,ダメージ,師団,中,自軍全師団全能力値アップ(３５％),全能力値,アップ,３５％,自軍１師団蘇生(大),蘇生,師団,大,自軍全師団星天特攻付与(２),星,,2
オルトリーファ,ランサー,2,スパイラル・ブラスター,敵軍一列に小ダメージ,ダメージ,一列,小,自軍全師団攻撃値アップ(２０％),攻撃値,アップ,２０％,,,,,,,,
オルトリーファ,ガーダー,2,ヴェルンド・シールド,バリア効果(中),バリア,,中,自軍全師団の状態異常を回復,状態異常回復,,,自軍全師団に１ターン絶対治療付与,絶対治療付与,,,自軍城壁拡張(小),城壁拡張,,小
オルトリーファ,ブレイダー,3,ロードスヴェル,敵軍単体に特大ダメージ,ダメージ,単体,特大,敵軍全師団防御値ダウン(３０％),防御値,ダウン,３０％,自軍全師団器兵特攻付与(１),器,,1,自軍全師団氷霊特攻付与(１),氷,,1
オルトリーファ,ガーダー,4,壊れざる盾の下へ,バリア効果(特),バリア,,特,自軍全師団防御値アップ(３５％),防御値,アップ,３５％,自軍城壁拡張(中),城壁拡張,,中,自軍１師団回復(微),回復,師団,微
オルトリーファ,ランサー,4,ゲイルドリヴル,敵軍一列に大ダメージ,ダメージ,一列,大,敵軍城壁に小ダメージ,城壁ダメージ,,小,自軍全師団魔族特攻付与(１),魔,,1,自軍全師団騎士特攻付与(１),騎,,1
王権のオルトリーファ,ランサー,2,スパイラル・ブラスター,敵軍一列に小ダメージ,ダメージ,一列,小,自軍全師団攻撃値アップ(２５％),攻撃値,アップ,２５％,,,,,,,,
王権のオルトリーファ,ガーダー,2,ヴェルンド・シールド,バリア効果(大),バリア,,大,自軍全師団の状態異常を回復,状態異常回復,,,自軍全師団に１ターン絶対治療付与,絶対治療付与,,,自軍城壁拡張(中),城壁拡張,,中
王権のオルトリーファ,ブレイダー,3,ロードスヴェル,敵軍単体に特大ダメージ,ダメージ,単体,特大,敵軍全師団防御値ダウン(３５％),防御値,ダウン,３５％,自軍全師団器兵特攻付与(１),器,,1,自軍全師団氷霊特攻付与(１),氷,,1
王権のオルトリーファ,ガーダー,4,壊れざる盾の下へ,バリア効果(特),バリア,,特,自軍全師団防御値アップ(５０％),防御値,アップ,５０％,自軍城壁拡張(特),城壁拡張,,特,自軍１師団回復(小),回復,師団,小
王権のオルトリーファ,ランサー,4,ゲイルドリヴル,敵軍一列に大ダメージ,ダメージ,一列,大,敵軍城壁に中ダメージ,城壁ダメージ,,中,自軍全師団魔族特攻付与(１),魔,,1,自軍全師団騎士特攻付与(１),騎,,1
魔戦姫オルトリーファ,ランサー,2,ギロチン・スラッシュ,敵軍一列に小ダメージ,ダメージ,一列,小,自軍全師団攻撃値アップ(２５％),攻撃値,アップ,２５％,,,,,,,,
魔戦姫オルトリーファ,ガーダー,2,ガンケイン・シールド,バリア効果(大),バリア,,大,自軍全師団の状態異常を回復,状態異常回復,,,自軍全師団に１ターン絶対治療付与,絶対治療付与,,,自軍城壁拡張(中),城壁拡張,,中
魔戦姫オルトリーファ,ブレイダー,3,サーヴフリスト,敵軍単体に特大ダメージ,ダメージ,単体,特大,敵軍全師団防御値ダウン(４０％),防御値,ダウン,４０％,自軍全師団器兵特攻付与(１),器,,1,自軍全師団氷霊特攻付与(１),氷,,1
魔戦姫オルトリーファ,ランサー,4,虚像は静寂の影に,バリア効果(特),バリア,,特,自軍全師団防御値アップ(４５％),防御値,アップ,４５％,自軍城壁拡張(大),城壁拡張,,大,自軍１師団回復(中),回復,師団,中
魔戦姫オルトリーファ,ガーダー,4,ラーズグリーズ,敵軍一列に大ダメージ,ダメージ,一列,大,敵軍城壁に大ダメージ,城壁ダメージ,,大,自軍全師団魔族特攻付与(１),魔,,1,自軍全師団騎士特攻付与(１),騎,,1
グンヒルド,ブレイダー,1,シャボン・スプラッシュ,敵軍単体に小ダメージ,ダメージ,単体,小,敵軍城壁に微ダメージ,城壁ダメージ,,微,,,,,,,,
グンヒルド,デストロイヤー,2,チャーム・ヘイズ,敵軍師団に微ダメージ,ダメージ,師団,微,敵軍全師団防御値ダウン(２０％),防御値,ダウン,２０％,敵軍一列に魅了付与,魅了付与,一列,,,,,
グンヒルド,ヒーラー,4,アクア・カーテン,自軍１師団蘇生(微),蘇生,師団,微,自軍全師団防御値アップ(２０％),防御値,アップ,２０％,バリア効果(小),バリア,,小,,,,
グンヒルド,デストロイヤー,3,泡と消えるは万華鏡,敵軍師団に小ダメージ,ダメージ,師団,小,敵軍全体に解除付与,解除付与,全体,,自軍全師団男性特攻付与(１),男,,1,自軍全師団女性特攻付与(１),女,,1
グンヒルド,デストロイヤー,4,ミラージュ・ウェイブ,敵軍師団に中ダメージ,ダメージ,師団,中,敵軍全師団全能力値ダウン(２０％),全能力値,ダウン,２０％,自軍全師団海洋特攻付与(１),海,,1,自軍全師団飛行特攻付与(１),飛,,1
聖印のグンヒルド,ブレイダー,1,シャボン・スプラッシュ,敵軍単体に小ダメージ,ダメージ,単体,小,敵軍城壁に小ダメージ,城壁ダメージ,,小,,,,,,,,
聖印のグンヒルド,デストロイヤー,2,チャーム・ヘイズ,敵軍師団に微ダメージ,ダメージ,師団,微,敵軍全師団防御値ダウン(２５％),防御値,ダウン,２５％,敵軍一列に魅了付与,魅了付与,一列,,,,,
聖印のグンヒルド,ヒーラー,4,アクア・カーテン,自軍全師団蘇生(小),蘇生,全師団,小,自軍全師団防御値アップ(３５％),防御値,アップ,３５％,バリア効果(中),バリア,,中,,,,
聖印のグンヒルド,デストロイヤー,3,泡と消えるは万華鏡,敵軍師団に小ダメージ,ダメージ,師団,小,敵軍全体に解除付与,解除付与,全体,,自軍全師団男性特攻付与(１),男,,1,自軍全師団女性特攻付与(１),女,,1
聖印のグンヒルド,デストロイヤー,4,ミラージュ・ウェイブ,敵軍師団に中ダメージ,ダメージ,師団,中,敵軍全師団全能力値ダウン(３５％),全能力値,ダウン,３５％,自軍全師団海洋特攻付与(１),海,,1,自軍全師団飛行特攻付与(１),飛,,1
魔戦姫グンヒルド,ブレイダー,1,シャボン・ストリーム,敵軍単体に小ダメージ,ダメージ,単体,小,敵軍城壁に小ダメージ,城壁ダメージ,,小,,,,,,,,
魔戦姫グンヒルド,デストロイヤー,2,メズマライズ・ミスト,敵軍師団に微ダメージ,ダメージ,師団,微,敵軍全師団防御値ダウン(３５％),防御値,ダウン,３５％,敵軍全体に魅了付与,魅了付与,全体,,,,,
魔戦姫グンヒルド,ヒーラー,4,天狗の神隠し,自軍全師団蘇生(小),蘇生,全師団,小,自軍全師団防御値アップ(２５％),防御値,アップ,２５％,バリア効果(中),バリア,,中,,,,
魔戦姫グンヒルド,デストロイヤー,3,月に叢雲、花に風,敵軍師団に小ダメージ,ダメージ,師団,小,敵軍全体に解除付与,解除付与,全体,,自軍全師団男性特攻付与(１),男,,1,自軍全師団女性特攻付与(１),女,,1
魔戦姫グンヒルド,デストロイヤー,4,イビル・ヴォーテクス,敵軍師団に中ダメージ,ダメージ,師団,中,敵軍全師団全能力値ダウン(３０％),全能力値,ダウン,３０％,自軍全師団男性特攻付与(１),男,,1,自軍全師団飛行特攻付与(１),飛,,1
プラティエ,ブレイダー,1,ストーム・エッジ,敵軍単体に小ダメージ,ダメージ,単体,小,自軍全師団速度値アップ(２０％),速度値,アップ,２０％,,,,,,,,
プラティエ,ヒーラー,2,栄光への道,自軍１師団回復(小),回復,師団,小,自軍全師団攻撃値アップ(２５％),攻撃値,アップ,２５％,フォース吸収(大),フォース,吸収,大,,,,
プラティエ,キャスター,3,勇士たちの戯曲,自軍全師団全能力値アップ(２０％),全能力値,アップ,２０％,敵軍全師団全能力値ダウン(２０％),全能力値,ダウン,２０％,自軍城壁拡張(中),城壁拡張,,中,自軍全師団竜族特攻付与(１),竜,,1
プラティエ,ヒーラー,3,サモン・リザレクション,自軍１師団蘇生(小),蘇生,師団,小,自軍全師団防御値アップ(２５％),防御値,アップ,２５％,自軍全師団の状態異常を回復,状態異常回復,,,自軍全師団に１ターン絶対治療付与,絶対治療付与,,
プラティエ,デストロイヤー,6,解放のニーベルング,敵軍師団に小ダメージ,ダメージ,師団,小,自軍全師団全能力値アップ(３０％),全能力値,アップ,３０％,自軍全師団蘇生(中),蘇生,全師団,中,自軍全師団死者特攻付与(１),死,,1
清風のプラティエ,ブレイダー,1,ストーム・エッジ,敵軍単体に小ダメージ,ダメージ,単体,小,自軍全師団速度値アップ(２５％),速度値,アップ,２５％,,,,,,,,
清風のプラティエ,ヒーラー,2,栄光への道,自軍１師団回復(小),回復,師団,小,自軍全師団攻撃値アップ(３０％),攻撃値,アップ,３０％,フォース吸収(大),フォース,吸収,大,,,,
清風のプラティエ,キャスター,3,勇士たちの戯曲,自軍全師団全能力値アップ(２５％),全能力値,アップ,２５％,敵軍全師団全能力値ダウン(２０％),全能力値,ダウン,２０％,自軍城壁拡張(大),城壁拡張,,大,自軍全師団竜族特攻付与(１),竜,,1
清風のプラティエ,ヒーラー,3,サモン・リザレクション,自軍１師団蘇生(大),蘇生,師団,大,自軍全師団防御値アップ(３０％),防御値,アップ,３０％,自軍全師団の状態異常を回復,状態異常回復,,,自軍全師団に１ターン絶対治療付与,絶対治療付与,,
清風のプラティエ,デストロイヤー,6,解放のニーベルング,敵軍師団に小ダメージ,ダメージ,師団,小,自軍全師団全能力値アップ(３５％),全能力値,アップ,３５％,自軍全師団蘇生(大),蘇生,全師団,大,自軍全師団死者特攻付与(１),死,,1
魔戦姫プラティエ,ブレイダー,1,ブラック・デスサイズ,敵軍単体に小ダメージ,ダメージ,単体,小,敵軍全師団防御値ダウン(２５％),防御値,ダウン,２５％,敵軍全体に毒化付与(２０％),毒化付与,全体,２０％,,,,
魔戦姫プラティエ,ヒーラー,2,死神の祝福,自軍１師団回復(小),回復,師団,小,自軍全師団攻撃値アップ(３０％),攻撃値,アップ,３０％,フォース吸収(大),フォース,吸収,大,,,,
魔戦姫プラティエ,キャスター,3,英霊たちの狂騒曲,自軍全師団全能力値アップ(２０％),全能力値,アップ,２０％,敵軍全師団全能力値ダウン(２５％),全能力値,ダウン,２５％,自軍城壁拡張(大),城壁拡張,,大,自軍全師団竜族特攻付与(１),竜,,1
魔戦姫プラティエ,ヒーラー,3,リビングデッド・マーチ,自軍１師団蘇生(大),蘇生,師団,大,自軍全師団攻撃値アップ(３０％),攻撃値,アップ,３０％,自軍全師団の状態異常を回復,状態異常回復,,,自軍全師団に１ターン絶対治療付与,絶対治療付与,,
魔戦姫プラティエ,デストロイヤー,6,冥界のニーベルング,敵軍師団に小ダメージ,ダメージ,師団,小,敵軍全師団全能力値ダウン(３５％),全能力値,ダウン,３５％,自軍全師団蘇生(大),蘇生,全師団,大,自軍全師団神族特攻付与(１),神,,1
オーディン,ブレイダー,2,ゴッド・スラスト,敵軍単体に中ダメージ,ダメージ,単体,中,敵軍全師団速度値ダウン(３０％),速度値,ダウン,３０％,自軍全師団蟲族特攻付与(１),蟲,,1,,,,
オーディン,デストロイヤー,3,レーザーレイン,敵軍師団に中ダメージ,ダメージ,師団,中,敵軍城壁に微ダメージ,城壁ダメージ,,微,自軍全師団飛行特攻付与(１),飛,,1,自軍全師団雷霊特攻付与(１),雷,,1
オーディン,ヒーラー,3,黄金の蜜は創世を為す,自軍１師団蘇生(中),蘇生,師団,中,自軍全師団防御値アップ(３０％),防御値,アップ,３０％,自軍全師団の状態異常を回復,状態異常回復,,,自軍全師団に１ターン絶対治療付与,絶対治療付与,,
オーディン,ガーダー,4,ヴァルハラ・フィールド,バリア効果(特),バリア,,特,自軍城壁拡張(大),城壁拡張,,大,自軍１師団回復(小),回復,師団,小,,,,
オーディン,ランサー,5,断罪にして救済の剣,敵軍一列に特大ダメージ,ダメージ,一列,特大,敵軍全師団防御値ダウン(４０％),防御値,ダウン,４０％,自軍全師団魔族特攻付与(１),魔,,1,自軍全師団死者特攻付与(１),死,,1
大神オーディン,ブレイダー,2,ゴッド・スラスト,敵軍単体に中ダメージ,ダメージ,単体,中,敵軍全師団速度値ダウン(３０％),速度値,ダウン,３０％,自軍全師団蟲族特攻付与(１),蟲,,1,,,,
大神オーディン,デストロイヤー,3,レーザーレイン,敵軍師団に中ダメージ,ダメージ,師団,中,敵軍城壁に小ダメージ,城壁ダメージ,,小,自軍全師団飛行特攻付与(１),飛,,1,自軍全師団雷霊特攻付与(１),雷,,1
大神オーディン,ヒーラー,3,黄金の蜜は創世を為す,自軍１師団蘇生(中),蘇生,師団,中,自軍全師団防御値アップ(３５％),防御値,アップ,３５％,自軍全師団の状態異常を回復,状態異常回復,,,自軍全師団に１ターン絶対治療付与,絶対治療付与,,
大神オーディン,ガーダー,4,ヴァルハラ・フィールド,バリア効果(特),バリア,,特,自軍城壁拡張(特),城壁拡張,,特,自軍１師団回復(中),回復,師団,中,,,,
大神オーディン,ランサー,5,断罪にして救済の剣,敵軍一列に特大ダメージ,ダメージ,一列,特大,敵軍全師団防御値ダウン(４５％),防御値,ダウン,４５％,自軍全師団魔族特攻付与(１),魔,,1,自軍全師団死者特攻付与(１),死,,1
堕神オーディン,ブレイダー,2,フォールン・スラスト,敵軍単体に中ダメージ,ダメージ,単体,中,敵軍全師団速度値ダウン(３５％),速度値,ダウン,３５％,自軍全師団蟲族特攻付与(１),蟲,,1,,,,
堕神オーディン,デストロイヤー,3,フィン・スパーク,敵軍師団に中ダメージ,ダメージ,師団,中,敵軍城壁に小ダメージ,城壁ダメージ,,小,自軍全師団飛行特攻付与(１),飛,,1,自軍全師団雷霊特攻付与(１),雷,,1
堕神オーディン,ヒーラー,3,我が槍も戦乙女の如く,自軍１師団蘇生(中),蘇生,師団,中,自軍全師団攻撃値アップ(３５％),攻撃値,アップ,３５％,自軍全師団の状態異常を回復,状態異常回復,,,自軍全師団に１ターン絶対治療付与,絶対治療付与,,
堕神オーディン,ガーダー,4,ヴァルハラ・シャドウ,バリア効果(特),バリア,,特,自軍城壁拡張(特),城壁拡張,,特,自軍１師団回復(中),回復,師団,中,,,,
堕神オーディン,ランサー,5,主に捧げる神罰の剣,敵軍一列に特大ダメージ,ダメージ,一列,特大,敵軍全師団防御値ダウン(４５％),防御値,ダウン,４５％,自軍全師団魔族特攻付与(１),魔,,1,自軍全師団神族特攻付与(１),神,,1
ギュルヴィ,ブレイダー,3,サモン・マリオネット,敵軍単体に小ダメージ,ダメージ,単体,小,自軍１師団蘇生(微),蘇生,師団,微,,,,,,,,
ギュルヴィ,ガーダー,2,マリオネット・ウォール,バリア効果(中),バリア,,中,敵軍全師団攻撃値ダウン(１５％),攻撃値,ダウン,１５％,,,,,,,,
ギュルヴィ,ランサー,3,トリック・スコア,敵軍一列に中ダメージ,ダメージ,一列,中,敵軍一列に封印付与,封印付与,一列,,フォース吸収(大),フォース,吸収,大,自軍全師団騎士特攻付与(１),騎,,1
ギュルヴィ,ランサー,3,カオティック・スコア,敵軍一列に中ダメージ,ダメージ,一列,中,敵軍全師団攻撃値ダウン(３０％),攻撃値,ダウン,３０％,敵軍一列に呪い付与,呪い付与,一列,,自軍全師団器兵特攻付与(１),器,,1
ギュルヴィ,デストロイヤー,5,ヘルズ・オーケストラ,敵軍師団に中ダメージ,ダメージ,師団,中,敵軍全師団全能力値ダウン(２０％),全能力値,ダウン,２０％,自軍１師団蘇生(小),蘇生,師団,小,自軍全師団神族特攻付与(１),神,,1
魔賢老ギュルヴィ,ブレイダー,3,サモン・マリオネット,敵軍単体に小ダメージ,ダメージ,単体,小,自軍１師団蘇生(小),蘇生,師団,小,,,,,,,,
魔賢老ギュルヴィ,ガーダー,2,マリオネット・ウォール,バリア効果(大),バリア,,大,敵軍全師団攻撃値ダウン(２０％),攻撃値,ダウン,２０％,,,,,,,,
魔賢老ギュルヴィ,ランサー,3,トリック・スコア,敵軍一列に中ダメージ,ダメージ,一列,中,敵軍一列に封印付与,封印付与,一列,,フォース吸収(大),フォース,吸収,大,自軍全師団騎士特攻付与(１),騎,,1
魔賢老ギュルヴィ,ランサー,3,カオティック・スコア,敵軍一列に中ダメージ,ダメージ,一列,中,敵軍全師団攻撃値ダウン(３５％),攻撃値,ダウン,３５％,敵軍一列に呪い付与,呪い付与,一列,,自軍全師団器兵特攻付与(１),器,,1
魔賢老ギュルヴィ,デストロイヤー,5,ヘルズ・オーケストラ,敵軍師団に中ダメージ,ダメージ,師団,中,敵軍全師団全能力値ダウン(２５％),全能力値,ダウン,２５％,自軍１師団蘇生(大),蘇生,師団,大,自軍全師団神族特攻付与(１),神,,1
戯天使ギュルヴィ,ブレイダー,3,カースド・マリオネット,敵軍単体に小ダメージ,ダメージ,単体,小,自軍１師団蘇生(小),蘇生,師団,小,,,,,,,,
戯天使ギュルヴィ,デストロイヤー,2,マリオネット・ボム,敵軍師団に中ダメージ,ダメージ,師団,中,敵軍全師団防御値ダウン(２５％),防御値,ダウン,２５％,敵軍全体に麻痺付与,麻痺付与,全体,,,,,
戯天使ギュルヴィ,ランサー,3,トリックオアトリート,敵軍一列に中ダメージ,ダメージ,一列,中,敵軍一列に封印付与,封印付与,一列,,フォース吸収(大),フォース,吸収,大,自軍全師団騎士特攻付与(１),騎,,1
戯天使ギュルヴィ,ランサー,3,天獄の断頭台,敵軍一列に中ダメージ,ダメージ,一列,中,敵軍全師団防御値ダウン(４０％),防御値,ダウン,４０％,敵軍一列に呪い付与,呪い付与,一列,,自軍全師団器兵特攻付与(１),器,,1
戯天使ギュルヴィ,デストロイヤー,5,ギュルヴィ・サーカス,敵軍師団に大ダメージ,ダメージ,師団,大,敵軍全師団全能力値ダウン(３０％),全能力値,ダウン,３０％,自軍１師団蘇生(中),蘇生,師団,中,自軍全師団神族特攻付与(１),神,,1
ヒュンドラ,ブレイダー,2,ブラッド・アクス,敵軍単体に中ダメージ,ダメージ,単体,中,敵軍城壁に微ダメージ,城壁ダメージ,,微,,,,,,,,
ヒュンドラ,キャスター,2,ハウリング・ウルフ,自軍全師団攻撃値アップ(２５％),攻撃値,アップ,２５％,自軍全師団速度値アップ(２５％),速度値,アップ,２５％,フォース増加(大),フォース,増加,大,自軍全師団獣族特攻付与(１),獣,,1
ヒュンドラ,ランサー,3,ブラッド・ファング,敵軍一列に中ダメージ,ダメージ,一列,中,敵軍全師団防御値ダウン(３０％),防御値,ダウン,３０％,自軍全師団氷霊特攻付与(１),氷,,1,自軍全師団蟲族特攻付与(１),蟲,,1
ヒュンドラ,デストロイヤー,4,ブラッド・レイジ,敵軍師団に中ダメージ,ダメージ,師団,中,敵軍全師団防御値ダウン(３０％),防御値,ダウン,３０％,自軍全師団死者特攻付与(１),死,,1,自軍全師団樹霊特攻付与(１),樹,,1
ヒュンドラ,ブレイダー,4,クロス・ランページ,敵軍単体に特大ダメージ,ダメージ,単体,特大,自軍全師団攻撃値アップ(３５％),攻撃値,アップ,３５％,自軍全師団飛行特攻付与(１),飛,,1,自軍全師団超越特攻付与(１),超,,1
紅蓮のヒュンドラ,ブレイダー,2,ブラッド・アクス,敵軍単体に中ダメージ,ダメージ,単体,中,敵軍城壁に小ダメージ,城壁ダメージ,,小,,,,,,,,
紅蓮のヒュンドラ,キャスター,2,ハウリング・ウルフ,自軍全師団攻撃値アップ(３０％),攻撃値,アップ,３０％,自軍全師団速度値アップ(３０％),速度値,アップ,３０％,フォース増加(大),フォース,増加,大,自軍全師団獣族特攻付与(１),獣,,1
紅蓮のヒュンドラ,ランサー,3,ブラッド・ファング,敵軍一列に中ダメージ,ダメージ,一列,中,敵軍全師団防御値ダウン(３５％),防御値,ダウン,３５％,自軍全師団氷霊特攻付与(１),氷,,1,自軍全師団蟲族特攻付与(１),蟲,,1
紅蓮のヒュンドラ,デストロイヤー,4,ブラッド・レイジ,敵軍師団に中ダメージ,ダメージ,師団,中,敵軍全師団防御値ダウン(３５％),防御値,ダウン,３５％,自軍全師団死者特攻付与(１),死,,1,自軍全師団樹霊特攻付与(１),樹,,1
紅蓮のヒュンドラ,ブレイダー,4,クロス・ランページ,敵軍単体に特大ダメージ,ダメージ,単体,特大,自軍全師団攻撃値アップ(４０％),攻撃値,アップ,４０％,自軍全師団飛行特攻付与(１),飛,,1,自軍全師団超越特攻付与(１),超,,1
獣天使ヒュンドラ,ブレイダー,2,クリムゾン・アクス,敵軍単体に中ダメージ,ダメージ,単体,中,敵軍城壁に中ダメージ,城壁ダメージ,,中,,,,,,,,
獣天使ヒュンドラ,キャスター,2,ビースト・ロア,自軍全師団攻撃値アップ(３０％),攻撃値,アップ,３０％,自軍全師団速度値アップ(３０％),速度値,アップ,３０％,フォース増加(大),フォース,増加,大,自軍全師団獣族特攻付与(１),獣,,1
獣天使ヒュンドラ,ランサー,3,クリムゾン・ファング,敵軍一列に中ダメージ,ダメージ,一列,中,敵軍全師団防御値ダウン(３５％),防御値,ダウン,３５％,自軍全師団氷霊特攻付与(１),氷,,1,自軍全師団蟲族特攻付与(１),蟲,,1
獣天使ヒュンドラ,デストロイヤー,4,クリムゾン・レイジ,敵軍師団に中ダメージ,ダメージ,師団,中,敵軍全師団防御値ダウン(３５％),防御値,ダウン,３５％,自軍全師団死者特攻付与(１),死,,1,自軍全師団樹霊特攻付与(１),樹,,1
獣天使ヒュンドラ,ブレイダー,4,ハウンド・ランページ,敵軍単体に特大ダメージ,ダメージ,単体,特大,自軍全師団攻撃値アップ(４０％),攻撃値,アップ,４０％,自軍全師団飛行特攻付与(１),飛,,1,自軍全師団超越特攻付与(１),超,,1
アルティラ,キャスター,2,エクス・タルタロ,自軍全師団攻撃値アップ(３０％),攻撃値,アップ,３０％,敵軍全師団防御値ダウン(３０％),防御値,ダウン,３０％,フォース吸収(大),フォース,吸収,大,,,,
アルティラ,ランサー,3,アブソリュート・ライン,敵軍一列に大ダメージ,ダメージ,一列,大,自軍全師団炎霊特攻付与(１),炎,,1,自軍全師団雷霊特攻付与(１),雷,,1,自軍全師団氷霊特攻付与(１),氷,,1
アルティラ,ヒーラー,3,グレート・ライド,自軍全師団全能力値アップ(２５％),全能力値,アップ,２５％,敵軍城壁に微ダメージ,城壁ダメージ,,微,自軍１師団回復(微),回復,師団,微,,,,
アルティラ,デストロイヤー,4,アナイアレイション,敵軍師団に大ダメージ,ダメージ,師団,大,敵軍全師団全能力値ダウン(２５％),全能力値,ダウン,２５％,自軍全師団神族特攻付与(１),神,,1,自軍全師団獣族特攻付与(１),獣,,1
アルティラ,デストロイヤー,5,グラビトン・インフェルノ,敵軍師団に特大ダメージ,ダメージ,師団,特大,敵軍城壁に大ダメージ,城壁ダメージ,,大,自軍全師団飛行特攻付与(１),飛,,1,自軍全師団海洋特攻付与(１),海,,1
大王アルティラ,キャスター,2,エクス・タルタロ,自軍全師団攻撃値アップ(３５％),攻撃値,アップ,３５％,敵軍全師団防御値ダウン(３５％),防御値,ダウン,３５％,フォース吸収(大),フォース,吸収,大,,,,
大王アルティラ,ランサー,3,アブソリュート・ライン,敵軍一列に大ダメージ,ダメージ,一列,大,自軍全師団炎霊特攻付与(１),炎,,1,自軍全師団雷霊特攻付与(１),雷,,1,自軍全師団氷霊特攻付与(１),氷,,1
大王アルティラ,ヒーラー,3,グレート・ライド,自軍全師団全能力値アップ(３０％),全能力値,アップ,３０％,敵軍城壁に小ダメージ,城壁ダメージ,,小,自軍１師団蘇生(小),蘇生,師団,小,,,,
大王アルティラ,デストロイヤー,4,アナイアレイション,敵軍師団に大ダメージ,ダメージ,師団,大,敵軍全師団全能力値ダウン(３０％),全能力値,ダウン,３０％,自軍全師団神族特攻付与(１),神,,1,自軍全師団獣族特攻付与(１),獣,,1
大王アルティラ,デストロイヤー,5,グラビトン・インフェルノ,敵軍師団に特大ダメージ,ダメージ,師団,特大,敵軍城壁に特大ダメージ,城壁ダメージ,,特大,自軍全師団飛行特攻付与(１),飛,,1,自軍全師団海洋特攻付与(１),海,,1
魔天使アルティラ,キャスター,2,ポラリス・ビジョン,自軍全師団攻撃値アップ(３５％),攻撃値,アップ,３５％,敵軍全師団防御値ダウン(３５％),防御値,ダウン,３５％,フォース吸収(大),フォース,吸収,大,,,,
魔天使アルティラ,ランサー,3,ラヴァーズ・ホリック,敵軍一列に大ダメージ,ダメージ,一列,大,自軍全師団女性特攻付与(１),女,,1,自軍全師団男性特攻付与(１),男,,1,,,,
魔天使アルティラ,ヒーラー,4,ラブ・アンド・ピース,自軍１師団蘇生(大),蘇生,師団,大,自軍全師団攻撃値アップ(３５％),攻撃値,アップ,３５％,自軍全師団の状態異常を回復,状態異常回復,,,自軍全師団に１ターン絶対治療付与,絶対治療付与,,
魔天使アルティラ,デストロイヤー,4,エクスティンクション,敵軍師団に大ダメージ,ダメージ,師団,大,敵軍全師団全能力値ダウン(３０％),全能力値,ダウン,３０％,自軍全師団神族特攻付与(１),神,,1,自軍全師団獣族特攻付与(１),獣,,1
魔天使アルティラ,デストロイヤー,5,セラフィック・ブレイズ,敵軍師団に特大ダメージ,ダメージ,師団,特大,敵軍城壁に特大ダメージ,城壁ダメージ,,特大,自軍全師団飛行特攻付与(１),飛,,1,自軍全師団魔族特攻付与(１),魔,,1
スズリ,ランサー,2,切り裂くよ！,敵軍一列に中ダメージ,ダメージ,一列,中,敵軍全師団速度値ダウン(３０％),速度値,ダウン,３０％,,,,,,,,
スズリ,ヒーラー,2,ワクワクするね！,自軍全師団攻撃値アップ(２５％),攻撃値,アップ,２５％,自軍１師団回復(微),回復,師団,微,自軍全師団騎士特攻付与(１),騎,,1,,,,
スズリ,デストロイヤー,4,大暴れする！,敵軍師団に中ダメージ,ダメージ,師団,中,敵軍城壁に小ダメージ,城壁ダメージ,,小,自軍全師団器兵特攻付与(１),器,,1,自軍全師団蟲族特攻付与(１),蟲,,1
スズリ,ブレイダー,3,もう怒った！,敵軍単体に特大ダメージ,ダメージ,単体,特大,敵軍全師団防御値ダウン(３５％),防御値,ダウン,３５％,自軍全師団獣族特攻付与(１),獣,,1,自軍全師団樹霊特攻付与(１),樹,,1
スズリ,ランサー,4,フロッティゲイル,敵軍一列に大ダメージ,ダメージ,一列,大,自軍全師団攻撃値アップ(３５％),攻撃値,アップ,３５％,自軍全師団竜族特攻付与(１),竜,,1,自軍全師団神族特攻付与(１),神,,1
竜の仔スズリ,ランサー,2,切り裂くよ！,敵軍一列に中ダメージ,ダメージ,一列,中,敵軍全師団速度値ダウン(４０％),速度値,ダウン,４０％,,,,,,,,
竜の仔スズリ,ヒーラー,2,ワクワクするね！,自軍全師団攻撃値アップ(３５％),攻撃値,アップ,３５％,自軍１師団蘇生(小),蘇生,師団,小,自軍全師団騎士特攻付与(１),騎,,1,,,,
竜の仔スズリ,デストロイヤー,4,大暴れする！,敵軍師団に中ダメージ,ダメージ,師団,中,敵軍城壁に中ダメージ,城壁ダメージ,,中,自軍全師団器兵特攻付与(１),器,,1,自軍全師団蟲族特攻付与(１),蟲,,1
竜の仔スズリ,ブレイダー,3,もう怒った！,敵軍単体に特大ダメージ,ダメージ,単体,特大,敵軍全師団防御値ダウン(４５％),防御値,ダウン,４５％,自軍全師団獣族特攻付与(１),獣,,1,自軍全師団樹霊特攻付与(１),樹,,1
竜の仔スズリ,ランサー,4,フロッティゲイル,敵軍一列に大ダメージ,ダメージ,一列,大,自軍全師団攻撃値アップ(４５％),攻撃値,アップ,４５％,自軍全師団竜族特攻付与(２),竜,,2,自軍全師団神族特攻付与(１),神,,1
ウートガルザ,ランサー,3,エクイティ・エッジ,敵軍一列に中ダメージ,ダメージ,一列,中,敵軍一列に封印付与,封印付与,一列,,自軍全師団蟲族特攻付与(１),蟲,,1,,,,
ウートガルザ,キャスター,1,アサルト・スタンス,自軍全師団攻撃値アップ(２０％),攻撃値,アップ,２０％,自軍全師団知力値アップ(４０％),知力値,アップ,４０％,自軍１師団回復(微),回復,師団,微,,,,
ウートガルザ,ランサー,3,イグニス,敵軍一列に中ダメージ,ダメージ,一列,中,フォース減少(中),フォース,減少,中,自軍全師団樹霊特攻付与(１),樹,,1,自軍全師団氷霊特攻付与(１),氷,,1
ウートガルザ,キャスター,3,暴くロカセナ,自軍全師団全能力値アップ(２５％),全能力値,アップ,２５％,敵軍全師団全能力値ダウン(２５％),全能力値,ダウン,２５％,自軍全師団女性特攻付与(１),女,,1,自軍全師団男性特攻付与(１),男,,1
ウートガルザ,デストロイヤー,5,マグナ・イグニス,敵軍師団に大ダメージ,ダメージ,師団,大,敵軍城壁に小ダメージ,城壁ダメージ,,小,自軍全師団神族特攻付与(１),神,,1,自軍全師団魔族特攻付与(１),魔,,1
蒼焔のウートガルザ,ランサー,3,エクイティ・エッジ,敵軍一列に中ダメージ,ダメージ,一列,中,敵軍一列に封印付与,封印付与,一列,,自軍全師団蟲族特攻付与(１),蟲,,1,,,,
蒼焔のウートガルザ,キャスター,1,アサルト・スタンス,自軍全師団攻撃値アップ(３０％),攻撃値,アップ,３０％,自軍全師団知力値アップ(５０％),知力値,アップ,５０％,自軍１師団回復(小),回復,師団,小,,,,
蒼焔のウートガルザ,ランサー,3,イグニス,敵軍一列に中ダメージ,ダメージ,一列,中,フォース減少(中),フォース,減少,中,自軍全師団樹霊特攻付与(１),樹,,1,自軍全師団氷霊特攻付与(１),氷,,1
蒼焔のウートガルザ,キャスター,3,暴くロカセナ,自軍全師団全能力値アップ(３５％),全能力値,アップ,３５％,敵軍全師団全能力値ダウン(３５％),全能力値,ダウン,３５％,自軍全師団女性特攻付与(１),女,,1,自軍全師団男性特攻付与(１),男,,1
蒼焔のウートガルザ,デストロイヤー,5,マグナ・イグニス,敵軍師団に特大ダメージ,ダメージ,師団,特大,敵軍城壁に小ダメージ,城壁ダメージ,,小,自軍全師団神族特攻付与(１),神,,1,自軍全師団魔族特攻付与(１),魔,,1
霊子体ウートガルザ,ランサー,3,エクイティ・エッジ,敵軍一列に中ダメージ,ダメージ,一列,中,敵軍一列に封印付与,封印付与,一列,,自軍全師団蟲族特攻付与(１),蟲,,1,,,,
霊子体ウートガルザ,キャスター,1,アサルト・スタンス,自軍全師団攻撃値アップ(２５％),攻撃値,アップ,２５％,自軍全師団知力値アップ(５０％),知力値,アップ,５０％,自軍１師団回復(小),回復,師団,小,,,,
霊子体ウートガルザ,ランサー,3,イグニス,敵軍一列に中ダメージ,ダメージ,一列,中,フォース減少(中),フォース,減少,中,自軍全師団樹霊特攻付与(１),樹,,1,自軍全師団氷霊特攻付与(１),氷,,1
霊子体ウートガルザ,キャスター,3,暴くロカセナ,自軍全師団全能力値アップ(３０％),全能力値,アップ,３０％,敵軍全師団全能力値ダウン(３０％),全能力値,ダウン,３０％,自軍全師団女性特攻付与(１),女,,1,自軍全師団男性特攻付与(１),男,,1
霊子体ウートガルザ,デストロイヤー,5,マグナ・イグニス,敵軍師団に大ダメージ,ダメージ,師団,大,敵軍城壁に小ダメージ,城壁ダメージ,,小,自軍全師団神族特攻付与(１),神,,1,自軍全師団魔族特攻付与(１),魔,,1
ロキ,ランサー,3,エクイティ・スラスト,敵軍一列に大ダメージ,ダメージ,一列,大,敵軍一列に封印付与,封印付与,一列,,自軍全師団蟲族特攻付与(１),蟲,,1,,,,
ロキ,ヒーラー,2,エンペラー・コマンド,自軍全師団全能力値アップ(３５％),全能力値,アップ,３５％,自軍城壁拡張(中),城壁拡張,,中,自軍１師団蘇生(小),蘇生,師団,小,,,,
ロキ,ランサー,3,レベリオー・イグニス,敵軍一列に中ダメージ,ダメージ,一列,中,フォース減少(大),フォース,減少,大,自軍全師団樹霊特攻付与(１),樹,,1,自軍全師団氷霊特攻付与(１),氷,,1
ロキ,キャスター,4,王のロカセナ,自軍全師団全能力値アップ(５０％),全能力値,アップ,５０％,敵軍全師団全能力値ダウン(５０％),全能力値,ダウン,５０％,自軍全師団女性特攻付与(１),女,,1,自軍全師団男性特攻付与(１),男,,1
ロキ,デストロイヤー,5,ベリタス・イグニス,敵軍師団に超ダメージ,ダメージ,師団,超,敵軍城壁に中ダメージ,城壁ダメージ,,中,自軍全師団神族特攻付与(１),神,,1,自軍全師団魔族特攻付与(１),魔,,1
ブリーデ,ヒーラー,2,豊穣の祈り,自軍１師団蘇生(微),蘇生,師団,微,自軍全師団知力値アップ(２５％),知力値,アップ,２５％,,,,,,,,
ブリーデ,ガーダー,2,フリングホルニの盾,バリア効果(中),バリア,,中,自軍全師団防御値アップ(３０％),防御値,アップ,３０％,,,,,,,,
ブリーデ,キャスター,3,リトル・ガーデン,自軍全師団全能力値アップ(１５％),全能力値,アップ,１５％,自軍城壁拡張(小),城壁拡張,,小,フォース吸収(中),フォース,吸収,中,,,,
ブリーデ,デストロイヤー,3,フリングホルニ砲,敵軍師団に小ダメージ,ダメージ,師団,小,敵軍全師団攻撃値ダウン(２０％),攻撃値,ダウン,２０％,敵軍城壁に小ダメージ,城壁ダメージ,,小,自軍全師団器兵特攻付与(１),器,,1
ブリーデ,ヒーラー,4,ささやかな晩餐,自軍全師団全能力値アップ(２５％),全能力値,アップ,２５％,自軍１師団蘇生(小),蘇生,師団,小,自軍全師団の状態異常を回復,状態異常回復,,,自軍全師団に１ターン絶対治療付与,絶対治療付与,,
天界の庭師ブリーデ,ヒーラー,2,豊穣の祈り,自軍１師団蘇生(小),蘇生,師団,小,自軍全師団知力値アップ(３０％),知力値,アップ,３０％,,,,,,,,
天界の庭師ブリーデ,ガーダー,2,フリングホルニの盾,バリア効果(大),バリア,,大,自軍全師団防御値アップ(３５％),防御値,アップ,３５％,,,,,,,,
天界の庭師ブリーデ,キャスター,3,リトル・ガーデン,自軍全師団全能力値アップ(２０％),全能力値,アップ,２０％,自軍城壁拡張(中),城壁拡張,,中,フォース吸収(中),フォース,吸収,中,,,,
天界の庭師ブリーデ,デストロイヤー,3,フリングホルニ砲,敵軍師団に小ダメージ,ダメージ,師団,小,敵軍全師団攻撃値ダウン(２５％),攻撃値,ダウン,２５％,敵軍城壁に中ダメージ,城壁ダメージ,,中,自軍全師団器兵特攻付与(１),器,,1
天界の庭師ブリーデ,ヒーラー,4,ささやかな晩餐,自軍全師団全能力値アップ(３０％),全能力値,アップ,３０％,自軍１師団蘇生(大),蘇生,師団,大,自軍全師団の状態異常を回復,状態異常回復,,,自軍全師団に１ターン絶対治療付与,絶対治療付与,,
ダイン,デストロイヤー,3,弾幕射撃,敵軍師団に微ダメージ,ダメージ,師団,微,,,,,,,,,,,,
ダイン,キャスター,2,ミスリル・グラインダー,自軍全師団攻撃値アップ(２０％),攻撃値,アップ,２０％,自軍城壁拡張(小),城壁拡張,,小,,,,,,,,
ダイン,ランサー,2,牽制射撃,敵軍一列に小ダメージ,ダメージ,一列,小,敵軍全師団速度値ダウン(３０％),速度値,ダウン,３０％,自軍全師団人間特攻付与(１),人,,1,,,,
ダイン,ランサー,3,ウルフズベイン,敵軍一列に中ダメージ,ダメージ,一列,中,敵軍一列に毒化付与(２０％),毒化付与,一列,２０％,自軍全師団獣族特攻付与(１),獣,,1,自軍全師団樹霊特攻付与(１),樹,,1
ダイン,ブレイダー,4,ピアシング・ブリッツ,敵軍単体に大ダメージ,ダメージ,単体,大,敵軍全師団防御値ダウン(３５％),防御値,ダウン,３５％,自軍全師団騎士特攻付与(１),騎,,1,自軍全師団器兵特攻付与(１),器,,1
狙撃手ダイン,デストロイヤー,3,弾幕射撃,敵軍師団に微ダメージ,ダメージ,師団,微,,,,,,,,,,,,
狙撃手ダイン,キャスター,2,ミスリル・グラインダー,自軍全師団攻撃値アップ(３０％),攻撃値,アップ,３０％,自軍城壁拡張(中),城壁拡張,,中,,,,,,,,
狙撃手ダイン,ランサー,2,牽制射撃,敵軍一列に小ダメージ,ダメージ,一列,小,敵軍全師団速度値ダウン(３５％),速度値,ダウン,３５％,自軍全師団人間特攻付与(１),人,,1,,,,
狙撃手ダイン,ランサー,3,ウルフズベイン,敵軍一列に中ダメージ,ダメージ,一列,中,敵軍一列に毒化付与(２０％),毒化付与,一列,２０％,自軍全師団獣族特攻付与(１),獣,,1,自軍全師団樹霊特攻付与(１),樹,,1
狙撃手ダイン,ブレイダー,4,ピアシング・ブリッツ,敵軍単体に大ダメージ,ダメージ,単体,大,敵軍全師団防御値ダウン(４０％),防御値,ダウン,４０％,自軍全師団騎士特攻付与(１),騎,,1,自軍全師団器兵特攻付与(１),器,,1
ミザール,ヒーラー,3,氷血結界,バリア効果(小),バリア,,小,自軍１師団蘇生(小),蘇生,師団,小,敵軍全師団攻撃値ダウン(１５％),攻撃値,ダウン,１５％,,,,
ミザール,キャスター,3,霧幻の導,敵軍全師団防御値ダウン(３５％),防御値,ダウン,３５％,敵軍一列に魅了付与,魅了付与,一列,,自軍全師団男性特攻付与(１),男,,1,自軍全師団女性特攻付与(１),女,,1
ミザール,ランサー,2,フリーズバレット,敵軍一列に小ダメージ,ダメージ,一列,小,敵軍一列に麻痺付与,麻痺付与,一列,,敵軍全師団速度値ダウン(４５％),速度値,ダウン,４５％,自軍全師団炎霊特攻付与(１),炎,,1
ミザール,デストロイヤー,2,霊氷クリオライト,敵軍師団に微ダメージ,ダメージ,師団,微,敵軍全体に解除付与,解除付与,全体,,フォース吸収(中),フォース,吸収,中,,,,
ミザール,デストロイヤー,4,ブラッドアウト,敵軍師団に小ダメージ,ダメージ,師団,小,敵軍全師団全能力値ダウン(３０％),全能力値,ダウン,３０％,自軍全師団飛行特攻付与(１),飛,,1,自軍全師団星天特攻付与(１),星,,1
観測者ミザール,ヒーラー,3,氷血結界,バリア効果(中),バリア,,中,自軍全師団蘇生(小),蘇生,全師団,小,敵軍全師団攻撃値ダウン(２５％),攻撃値,ダウン,２５％,,,,
観測者ミザール,キャスター,3,霧幻の導,敵軍全師団防御値ダウン(４０％),防御値,ダウン,４０％,敵軍一列に魅了付与,魅了付与,一列,,自軍全師団男性特攻付与(１),男,,1,自軍全師団女性特攻付与(１),女,,1
観測者ミザール,ランサー,2,フリーズバレット,敵軍一列に小ダメージ,ダメージ,一列,小,敵軍一列に麻痺付与,麻痺付与,一列,,敵軍全師団速度値ダウン(５０％),速度値,ダウン,５０％,自軍全師団炎霊特攻付与(１),炎,,1
観測者ミザール,デストロイヤー,2,霊氷クリオライト,敵軍師団に微ダメージ,ダメージ,師団,微,敵軍全体に解除付与,解除付与,全体,,フォース吸収(中),フォース,吸収,中,,,,
観測者ミザール,デストロイヤー,4,ブラッドアウト,敵軍師団に小ダメージ,ダメージ,師団,小,敵軍全師団全能力値ダウン(３５％),全能力値,ダウン,３５％,自軍全師団飛行特攻付与(１),飛,,1,自軍全師団星天特攻付与(１),星,,1
ジライヤ,ブレイダー,3,黒衣の剣,敵軍単体に中ダメージ,ダメージ,単体,中,敵軍城壁に微ダメージ,城壁ダメージ,,微,自軍全師団人間特攻付与(１),人,,1,,,,
ジライヤ,ランサー,3,乱れ外連,敵軍一列に小ダメージ,ダメージ,一列,小,自軍全師団速度値アップ(２５％),速度値,アップ,２５％,自軍全師団飛行特攻付与(１),飛,,1,,,,
ジライヤ,デストロイヤー,4,狐六方踏み刃,敵軍師団に小ダメージ,ダメージ,師団,小,自軍全師団攻撃値アップ(２５％),攻撃値,アップ,２５％,自軍全師団獣族特攻付与(１),獣,,1,,,,
バルマン,ブレイダー,3,デストラクティオ,敵軍単体に大ダメージ,ダメージ,単体,大,敵軍全師団防御値ダウン(２５％),防御値,ダウン,２５％,自軍全師団器兵特攻付与(１),器,,1,,,,
バルマン,ガーダー,3,スクトゥム・レオニス,バリア効果(大),バリア,,大,自軍全師団防御値アップ(２５％),防御値,アップ,２５％,自軍城壁拡張(中),城壁拡張,,中,,,,
バルマン,ランサー,3,イラ・ベスティア,敵軍一列に中ダメージ,ダメージ,一列,中,自軍全師団攻撃値アップ(２５％),攻撃値,アップ,２５％,自軍全師団神族特攻付与(１),神,,1,自軍全師団魔族特攻付与(１),魔,,1
骸仙,デストロイヤー,3,封牢壊穿撃,敵軍師団に大ダメージ,ダメージ,師団,大,敵軍城壁に微ダメージ,城壁ダメージ,,微,自軍全師団獣族特攻付与(１),獣,,1,自軍全師団樹霊特攻付与(１),樹,,1
骸仙,キャスター,3,密葬巳龍方陣,自軍全師団攻撃値アップ(２０％),攻撃値,アップ,２０％,自軍全師団防御値アップ(２０％),防御値,アップ,２０％,フォース増加(大),フォース,増加,大,自軍全師団竜族特攻付与(１),竜,,1
骸仙,デストロイヤー,3,冥死獄破衝,敵軍師団に大ダメージ,ダメージ,師団,大,敵軍全師団防御値ダウン(４０％),防御値,ダウン,４０％,自軍全師団飛行特攻付与(１),飛,,1,自軍全師団人間特攻付与(１),人,,1
エブロネス,デストロイヤー,2,焦熱弾斉射,敵軍師団に微ダメージ,ダメージ,師団,微,敵軍城壁に微ダメージ,城壁ダメージ,,微,自軍全師団氷霊特攻付与(１),氷,,1,自軍全師団海洋特攻付与(１),海,,1
エブロネス,ヒーラー,4,アニマ・フォーティス,自軍全師団全能力値アップ(２５％),全能力値,アップ,２５％,バリア効果(中),バリア,,中,自軍１師団蘇生(微),蘇生,師団,微,,,,
エブロネス,ランサー,4,ルプス・マギクス,敵軍一列に中ダメージ,ダメージ,一列,中,敵軍全師団防御値ダウン(２５％),防御値,ダウン,２５％,自軍全師団獣族特攻付与(１),獣,,1,自軍全師団樹霊特攻付与(１),樹,,1
キュリアン,ランサー,2,ブリガント・アタック,敵軍一列に中ダメージ,ダメージ,一列,中,敵軍城壁に微ダメージ,城壁ダメージ,,微,,,,,,,,
キュリアン,ブレイダー,2,ワイルド・ブロウ,敵軍単体に中ダメージ,ダメージ,単体,中,敵軍単体に麻痺付与,麻痺付与,単体,,自軍全師団騎士特攻付与(１),騎,,1,,,,
キュリアン,ランサー,3,ブリガント・チャージ,敵軍一列に中ダメージ,ダメージ,一列,中,自軍全師団攻撃値アップ(２０％),攻撃値,アップ,２０％,自軍全師団飛行特攻付与(１),飛,,1,自軍全師団獣族特攻付与(１),獣,,1
シャーロット,ブレイダー,2,エレガント・ソード,敵軍単体に微ダメージ,ダメージ,単体,微,バリア効果(微),バリア,,微,,,,,,,,
シャーロット,ヒーラー,3,ロイヤル・ヒーリング,自軍１師団蘇生(微),蘇生,師団,微,自軍全師団の状態異常を回復,状態異常回復,,,自軍全師団に１ターン絶対治療付与,絶対治療付与,,,自軍全師団毒性特攻付与(１),毒,,1
シャーロット,ランサー,4,ロイヤル・ジャスティス,敵軍一列に中ダメージ,ダメージ,一列,中,自軍全師団全能力値アップ(１５％),全能力値,アップ,１５％,自軍全師団死者特攻付与(１),死,,1,自軍全師団騎士特攻付与(１),騎,,1
ディオネア,ランサー,3,ナイトメア・サイズ,敵軍一列に中ダメージ,ダメージ,一列,中,自軍全師団男性特攻付与(１),男,,1,自軍全師団女性特攻付与(１),女,,1,,,,
ディオネア,デストロイヤー,3,マインド・ブラスト,敵軍師団に微ダメージ,ダメージ,師団,微,敵軍全師団知力値ダウン(４０％),知力値,ダウン,４０％,フォース吸収(中),フォース,吸収,中,自軍全師団神族特攻付与(１),神,,1
ディオネア,デストロイヤー,4,ワールウィンド,敵軍師団に中ダメージ,ダメージ,師団,中,自軍全師団速度値アップ(４５％),速度値,アップ,４５％,敵軍全師団速度値ダウン(４５％),速度値,ダウン,４５％,自軍全師団飛行特攻付与(１),飛,,1
ミスト,ヒーラー,3,エンジェリック・ギフト,自軍全師団全能力値アップ(２０％),全能力値,アップ,２０％,自軍１師団蘇生(微),蘇生,師団,微,バリア効果(中),バリア,,中,,,,
ミスト,ランサー,3,マッスル・クラッシュ,敵軍一列に中ダメージ,ダメージ,一列,中,敵軍全師団防御値ダウン(４０％),防御値,ダウン,４０％,自軍全師団獣族特攻付与(１),獣,,1,自軍全師団男性特攻付与(１),男,,1
ミスト,デストロイヤー,5,エクスキューション,敵軍師団に中ダメージ,ダメージ,師団,中,敵軍全体に封印付与,封印付与,全体,,自軍全師団死者特攻付与(１),死,,1,自軍全師団魔族特攻付与(１),魔,,1
将軍宗綱,ブレイダー,2,大上段唐竹割,敵軍単体に小ダメージ,ダメージ,単体,小,敵軍全師団防御値ダウン(２０％),防御値,ダウン,２０％,自軍全師団樹霊特攻付与(１),樹,,1,,,,
将軍宗綱,ブレイダー,2,下段浮橋落とし,敵軍単体に小ダメージ,ダメージ,単体,小,敵軍全師団速度値ダウン(２０％),速度値,ダウン,２０％,自軍全師団海洋特攻付与(１),海,,1,,,,
将軍宗綱,ブレイダー,3,天魔妖斬糾,敵軍単体に大ダメージ,ダメージ,単体,大,敵軍城壁に微ダメージ,城壁ダメージ,,微,自軍全師団人間特攻付与(１),人,,1,,,,
女神ブリーデ,デストロイヤー,2,豊穣のギアス,敵軍師団に微ダメージ,ダメージ,師団,微,自軍全師団攻撃値アップ(３０％),攻撃値,アップ,３０％,敵軍全師団知力値ダウン(４０％),知力値,ダウン,４０％,敵軍全体に封印付与,封印付与,全体,
女神ブリーデ,ヒーラー,2,霊泉イルミンスラ,自軍１師団蘇生(小),蘇生,師団,小,自軍全師団の状態異常を回復,状態異常回復,,,自軍全師団に１ターン絶対治療付与,絶対治療付与,,,,,,
女神ブリーデ,デストロイヤー,3,パラドクス・ガーデン,敵軍師団に小ダメージ,ダメージ,師団,小,敵軍全師団全能力値ダウン(２５％),全能力値,ダウン,２５％,自軍城壁拡張(中),城壁拡張,,中,自軍全師団飛行特攻付与(１),飛,,1
女神ブリーデ,ブレイダー,3,グラトニー・タン,敵軍単体に特大ダメージ,ダメージ,単体,特大,自軍全師団全能力値アップ(２５％),全能力値,アップ,２５％,フォース吸収(特),フォース,吸収,特,自軍全師団人間特攻付与(１),人,,1
女神ブリーデ,デストロイヤー,5,女神の晩餐,敵軍師団に大ダメージ,ダメージ,師団,大,自軍１師団蘇生(大),蘇生,師団,大,自軍全師団魔族特攻付与(１),魔,,1,自軍全師団神族特攻付与(１),神,,1
ゴブリン,ブレイダー,1,マキ割りダイナマイト,敵軍単体に微ダメージ,ダメージ,単体,微,,,,,,,,,,,,
ハーピー,ブレイダー,1,羽毛ビンタ,敵軍単体に微ダメージ,ダメージ,単体,微,,,,,,,,,,,,
ゴブリンスミス,ランサー,2,スミシー・ボム,敵軍一列に微ダメージ,ダメージ,一列,微,,,,,,,,,,,,
ワーキャット,ブレイダー,1,ニャンクロー,敵軍単体に微ダメージ,ダメージ,単体,微,,,,,,,,,,,,
ラタトスク,ブレイダー,2,ポイズン・ファング,敵軍単体に小ダメージ,ダメージ,単体,小,敵軍単体に毒化付与(１０％),毒化付与,単体,１０％,,,,,,,,
コボルドフェンサー,ブレイダー,2,ファイア・レイピア,敵軍単体に小ダメージ,ダメージ,単体,小,,,,,,,,,,,,
アルミラージ,キャスター,3,フリージアの戦陣,フォース増加(微),フォース,増加,微,自軍全師団全能力値アップ(１５％),全能力値,アップ,１５％,,,,,,,,
ガロードバンデッド,ブレイダー,2,切ってよし！,敵軍単体に小ダメージ,ダメージ,単体,小,敵軍城壁に小ダメージ,城壁ダメージ,,小,,,,,,,,
ナラシンハ,ブレイダー,3,獅子の大剣,敵軍単体に中ダメージ,ダメージ,単体,中,,,,,,,,,,,,
ウォーウルフ,ブレイダー,2,狼の戦爪,敵軍単体に小ダメージ,ダメージ,単体,小,自軍全師団速度値アップ(１０％),速度値,アップ,１０％,,,,,,,,
ガロードサムライ,ランサー,3,狼牙烈風剣,敵軍一列に小ダメージ,ダメージ,一列,小,自軍全師団速度値アップ(１０％),速度値,アップ,１０％,,,,,,,,
ベルゲルミル,ブレイダー,3,ダブルアイスハンマー,敵軍単体に中ダメージ,ダメージ,単体,中,,,,,,,,,,,,
リュカオン,ブレイダー,4,邪狼の刃,敵軍単体に中ダメージ,ダメージ,単体,中,敵軍単体に呪い付与,呪い付与,単体,,,,,,,,,
ノーザンファイター,ランサー,3,古豪の斬撃,敵軍一列に小ダメージ,ダメージ,一列,小,自軍全師団攻撃値アップ(１０％),攻撃値,アップ,１０％,,,,,,,,
ギガースジェネラル,ブレイダー,3,パワー・クラッシュ,敵軍単体に中ダメージ,ダメージ,単体,中,敵軍城壁に中ダメージ,城壁ダメージ,,中,,,,,,,,
バステト,ランサー,4,魅惑の肉球,敵軍一列に魅了付与,魅了付与,一列,,,,,,,,,,,,,
バーラ,デストロイヤー,4,古豪の斬撃,敵軍全体に小ダメージ,ダメージ,全体,小,自軍全師団攻撃値アップ(１５％),攻撃値,アップ,１５％,,,,,,,,
ミノタウロス,ヒーラー,2,牛胆流極技・座布団,自軍１師団回復(微),回復,師団,微,自軍全師団攻撃値アップ(５％),攻撃値,アップ,５％,,,,,,,,
マーマン,ランサー,2,マッソゥボマー,敵軍一列に微ダメージ,ダメージ,一列,微,,,,,,,,,,,,
ゴブリンライダー,ブレイダー,2,アサルト・アタック,敵軍単体に小ダメージ,ダメージ,単体,小,,,,,,,,,,,,
ホークナイト,ブレイダー,1,スパイラル・ブリッツ,敵軍単体に微ダメージ,ダメージ,単体,微,,,,,,,,,,,,
オーキシュマリーン,キャスター,2,水中工作,敵軍全師団攻撃値ダウン(３％),攻撃値,ダウン,３％,敵軍全師団防御値ダウン(３％),防御値,ダウン,３％,,,,,,,,
コボルドアシガル,ブレイダー,2,アシガルスピンアタック,敵軍単体に小ダメージ,ダメージ,単体,小,敵軍全師団速度値ダウン(１５％),速度値,ダウン,１５％,,,,,,,,
ガロードランサー,ブレイダー,1,ガロード・エイミング,敵軍単体に微ダメージ,ダメージ,単体,微,,,,,,,,,,,,
功夫マシラ,ランサー,2,十六手拳,敵軍一列に微ダメージ,ダメージ,一列,微,,,,,,,,,,,,
ケルピーライダー,ブレイダー,2,ぴーすけラッシュ,敵軍単体に小ダメージ,ダメージ,単体,小,自軍全師団攻撃値アップ(１０％),攻撃値,アップ,１０％,,,,,,,,
リザードソルジャー,ブレイダー,3,ソルジャーアタック,敵軍単体に中ダメージ,ダメージ,単体,中,,,,,,,,,,,,
オーキシュライダー,ブレイダー,2,脳削りチャージ,敵軍単体に小ダメージ,ダメージ,単体,小,,,,,,,,,,,,
リザードジェネラル,ブレイダー,2,トカゲ流槍術,敵軍単体に小ダメージ,ダメージ,単体,小,,,,,,,,,,,,
ガロードインペイラー,ランサー,3,トルネード・スピア,敵軍一列に小ダメージ,ダメージ,一列,小,,,,,,,,,,,,
ラビナスハーベスター,ブレイダー,3,致命の首狩り,敵軍単体に大ダメージ,ダメージ,単体,大,,,,,,,,,,,,
リザードロード,ランサー,4,ジェネラルアタック,敵軍一列に中ダメージ,ダメージ,一列,中,,,,,,,,,,,,
クイーン・アクエリア,キャスター,4,海底女王の勅命,自軍全師団全能力値アップ(１５％),全能力値,アップ,１５％,,,,,,,,,,,,
ムスペルドラグーン,ブレイダー,4,ギガントチャージ,敵軍単体に大ダメージ,ダメージ,単体,大,敵軍全師団防御値ダウン(１５％),防御値,ダウン,１５％,,,,,,,,
ヒミングレーヴァ,ランサー,3,波濤の双槍,敵軍一列に中ダメージ,ダメージ,一列,中,自軍全師団全能力値アップ(１５％),全能力値,アップ,１５％,,,,,,,,
コボルドハンター,ブレイダー,1,ワイナーショット,敵軍単体に微ダメージ,ダメージ,単体,微,,,,,,,,,,,,
マーメイド,ランサー,2,マーメイドリサイタル,敵軍一列に微ダメージ,ダメージ,一列,微,フォース減少(微),フォース,減少,微,,,,,,,,
ホークメイジ,ブレイダー,2,マジックミサイル,敵軍単体に小ダメージ,ダメージ,単体,小,敵軍単体に毒化付与(１０％),毒化付与,単体,１０％,,,,,,,,
ゴブリンバルーン,ランサー,3,ラインボム,敵軍一列に小ダメージ,ダメージ,一列,小,,,,,,,,,,,,
メジェド,ブレイダー,3,ＥＹＥ・ＢＥＡＭ,敵単体に中ダメージ,ダメージ,単体,中,,,,,,,,,,,,
コボルドクノイチ,ランサー,3,コボ手裏剣乱れ撃ち,敵軍一列に小ダメージ,ダメージ,一列,小,敵軍全師団攻撃値ダウン(５％),攻撃値,ダウン,５％,,,,,,,,
カウガール,ブレイダー,2,ガンブレイズバースト,敵軍単体に小ダメージ,ダメージ,単体,小,敵軍全師団速度値ダウン(１５％),速度値,ダウン,１５％,,,,,,,,
オーキシュガンナー,ブレイダー,2,リベンジ・スナイプ,敵軍単体に微ダメージ,ダメージ,単体,微,フォース減少(小),フォース,減少,小,,,,,,,,
コボルドケミスト,ブレイダー,4,ケミストリ・ファイア,敵軍全体に小ダメージ,ダメージ,全体,小,敵軍全体に毒化付与(５％),毒化付与,全体,５％,,,,,,,,
ホルス,ブレイダー,1,ホルスブレード,敵軍単体に微ダメージ,ダメージ,単体,微,,,,,,,,,,,,
ガロードスナイパー,ブレイダー,2,ガロードスナイプ,敵軍単体に小ダメージ,ダメージ,単体,小,敵軍単体に解除付与,解除付与,単体,,,,,,,,,
ノーザンレンジャー,ブレイダー,2,ハンターショット,敵軍単体に小ダメージ,ダメージ,単体,小,敵軍全師団速度値ダウン(１０％),速度値,ダウン,１０％,敵軍単体に麻痺付与,麻痺付与,単体,,,,,
メジェドちゃん,キャスター,5,メジェドオンステージ,自軍全師団全能力値アップ(１５％),全能力値,アップ,１５％,自軍城壁拡張(中),城壁拡張,,中,フォース増加(中),フォース,増加,中,,,,
ウィズ,デストロイヤー,2,波濤の嵐弓,敵軍全体に微ダメージ,ダメージ,全体,微,敵軍全師団防御値ダウン(１５％),防御値,ダウン,１５％,敵軍全体に封印付与,封印付与,全体,,,,,
サハギン,ブレイダー,1,ウォーターガン,敵軍単体に微ダメージ,ダメージ,単体,微,敵軍全師団速度値ダウン(５％),速度値,ダウン,５％,,,,,,,,
カアス,ブレイダー,1,コブラショット,敵軍単体に微ダメージ,ダメージ,単体,微,敵軍単体に毒化付与(５％),毒化付与,単体,５％,,,,,,,,
コボルドメイジ,ブレイダー,1,コボフレイム,敵軍単体に微ダメージ,ダメージ,単体,微,敵軍全師団攻撃値ダウン(５％),攻撃値,ダウン,５％,,,,,,,,
カアスマドモアゼル,ブレイダー,2,毒蛇の輪舞曲,敵軍単体に小ダメージ,ダメージ,単体,小,敵軍単体に毒化付与(１０％),毒化付与,単体,１０％,,,,,,,,
ケット・シー,キャスター,3,お前の物は我の物ニャ,フォース吸収(特大),フォース,吸収,特大,,,,,,,,,,,,
エルダーギガース,ランサー,4,サンダー・ストーム,敵軍一列に中ダメージ,ダメージ,一列,中,,,,,,,,,,,,
アウルゲルミル,ブレイダー,3,ダークネス・ブレイズ,敵軍単体に中ダメージ,ダメージ,単体,中,,,,,,,,,,,,
フロン,ヒーラー,3,波濤の加護,自軍１師団蘇生(小),蘇生,師団,小,バリア効果(中),バリア,,中,,,,,,,,
オークガード,ヒーラー,2,養豚流究極奥義・豚飯,自軍１師団回復(微),回復,師団,微,自軍全師団防御値アップ(５％),防御値,アップ,５％,,,,,,,,
ホルスタウロス,キャスター,3,ホルスタイン・ガード,バリア効果(小),バリア,,小,自軍全師団防御値アップ(５％),防御値,アップ,５％,,,,,,,,
トロール,ブレイダー,2,トロール・インパクト,敵軍単体に小ダメージ,ダメージ,単体,小,自軍全師団攻撃値アップ(５％),攻撃値,アップ,５％,,,,,,,,
オーガ,ブレイダー,3,オーガ・ブロー,敵軍単体に中ダメージ,ダメージ,単体,中,,,,,,,,,,,,
オークリーダー,ブレイダー,3,オーク武術の神髄,敵軍単体に小ダメージ,ダメージ,単体,小,敵軍単体に解除付与,解除付与,単体,,,,,,,,,
アーマートロール,ブレイダー,3,ネオ・インパクト,敵軍単体に中ダメージ,ダメージ,単体,中,自軍全師団攻撃値アップ(５％),攻撃値,アップ,５％,,,,,,,,
コボルドパラディン,ブレイダー,2,コボ・スラッシュＸ,敵軍単体に小ダメージ,ダメージ,単体,小,敵軍全師団防御値ダウン(５％),防御値,ダウン,５％,,,,,,,,
ギガースナイト,ブレイダー,3,ギガントスラッシュ,敵軍単体に中ダメージ,ダメージ,単体,中,,,,,,,,,,,,
ムスペルプリズナー,ガーダー,3,不自由の捨て駒,バリア効果(小),バリア,,小,自軍全師団防御値アップ(５％),防御値,アップ,５％,,,,,,,,
ミルクイーン,ガーダー,3,ミルキー・シェル,バリア効果(小),バリア,,小,自軍全師団防御値アップ(５％),防御値,アップ,５％,,,,,,,,
ガロードエスクード,ガーダー,3,ライトウォール,自軍城壁拡張(中),城壁拡張,,中,自軍全師団防御値アップ(１０％),防御値,アップ,１０％,,,,,,,,
ナラシンハジェネラル,キャスター,4,獅子王の喝采,自軍全師団攻撃値アップ(１５％),攻撃値,アップ,１５％,自軍全師団防御値アップ(１０％),防御値,アップ,１０％,,,,,,,,
ムスペルセンチネル,ガーダー,3,燃ゆる闘魂,バリア効果(中),バリア,,中,自軍全師団防御値アップ(１５％),防御値,アップ,１５％,,,,,,,,
コールガ,ガーダー,4,波濤の堅守,バリア効果(大),バリア,,大,自軍全師団防御値アップ(１５％),防御値,アップ,１５％,自軍１師団回復(微),回復,師団,微,,,,
ガロード,ブレイダー,1,ガロード・クラッシュ,敵軍単体に微ダメージ,ダメージ,単体,微,敵軍城壁に微ダメージ,城壁ダメージ,,微,,,,,,,,
コボルドボマー,デストロイヤー,5,粉砕・爆砕・大喝采,敵軍全体に中ダメージ,ダメージ,全体,中,,,,,,,,,,,,
グリプスフォーク,ランサー,3,スラッシュ・ダイブ,敵軍一列に小ダメージ,ダメージ,一列,小,自軍全師団速度値アップ(１０％),速度値,アップ,１０％,,,,,,,,
ゴブリンキング,キャスター,3,ゴブリン王の威光,自軍城壁拡張(小),城壁拡張,,小,敵軍全師団全能力値ダウン(１０％),全能力値,ダウン,１０％,,,,,,,,
オークデモリッシュ,ランサー,2,オークぶち壊し,敵軍一列に小ダメージ,ダメージ,一列,小,敵軍城壁に小ダメージ,城壁ダメージ,,小,,,,,,,,
ツインマーフォーク,ランサー,3,ユニゾンプレッシャー,敵軍一列に小ダメージ,ダメージ,一列,小,敵軍全師団攻撃値ダウン(５％),攻撃値,ダウン,５％,,,,,,,,
リンクスソルジャー,ランサー,2,山猫粉砕撃,敵軍一列に小ダメージ,ダメージ,一列,小,敵軍城壁に小ダメージ,城壁ダメージ,,小,,,,,,,,
ギガースレイダー,ブレイダー,2,ギガホーク,敵軍単体に小ダメージ,ダメージ,単体,小,敵軍全師団防御値ダウン(５％),防御値,ダウン,５％,,,,,,,,
サイクロプス,ブレイダー,2,キュプロ・ハンマー,敵軍単体に微ダメージ,ダメージ,単体,微,,,,,,,,,,,,
ノーザンマスケティア,ランサー,3,銃斧連撃,敵軍一列に小ダメージ,ダメージ,一列,小,自軍全師団攻撃値アップ(１０％),攻撃値,アップ,１０％,,,,,,,,
ギガースヴァンガード,ガーダー,4,エスペランザ,自軍城壁拡張(大),城壁拡張,,大,自軍全師団全能力値アップ(１０％),全能力値,アップ,１０％,,,,,,,,
ムスペルランダー,ブレイダー,3,フレイミング・ブロー,敵軍単体に中ダメージ,ダメージ,単体,中,,,,,,,,,,,,
アルビオン,ランサー,5,フォールストリーム,敵軍一列に中ダメージ,ダメージ,一列,中,敵軍城壁に大ダメージ,城壁ダメージ,,大,,,,,,,,
ベルソル,デストロイヤー,5,ギガンテック・ソーン,敵軍全体に小ダメージ,ダメージ,全体,小,敵軍全師団攻撃値ダウン(１０％),攻撃値,ダウン,１０％,敵軍単体に毒化付与(１０％),毒化付与,単体,１０％,,,,
マキシマムオーガ,ブレイダー,4,凶獣の連撃,敵軍単体に大ダメージ,ダメージ,単体,大,敵軍全師団防御値ダウン(１０％),防御値,ダウン,１０％,,,,,,,,
ブローゼハーダ,ランサー,4,波濤の両断,敵軍一列に特大ダメージ,ダメージ,一列,特大,フォース減少(大),フォース,減少,大,,,,,,,,
ゴブリンガール,ブレイダー,2,スキあり,敵軍単体に微ダメージ,ダメージ,単体,微,敵軍全師団攻撃値ダウン(５％),攻撃値,ダウン,５％,,,,,,,,
コボルドエンジニア,ヒーラー,2,クイックリペアー,自軍１師団回復(微),回復,師団,微,バリア効果(微),バリア,,微,,,,,,,,
キャリアウーワン,ブレイダー,1,うわ、貴方年収低すぎ,敵軍単体に微ダメージ,ダメージ,単体,微,敵軍城壁に小ダメージ,城壁ダメージ,,小,,,,,,,,
コボルドシェフ,ヒーラー,3,蜂蜜ホットケーキ,自軍師団の状態異常を回復,状態異常回復,,,自軍師団に１ターン絶対治療付与,絶対治療付与,,,自軍１師団回復(小),回復,師団,小,,,,
コボルドメシア,ヒーラー,3,コボルド・グレイス,自軍１師団回復(中),回復,師団,中,バリア効果(中),バリア,,中,,,,,,,,
ノーザンドルイド,ヒーラー,3,ドルイドの祈り,自軍１師団回復(微),回復,師団,微,自軍全師団防御値アップ(１０％),防御値,アップ,１０％,,,,,,,,
ウジャト,ヒーラー,5,ウジャトの風,自軍１師団蘇生(中),蘇生,師団,中,自軍全師団全能力値アップ(１０％),全能力値,アップ,１０％,,,,,,,,
ビルギア,ヒーラー,4,波濤の奇跡,自軍１師団回復(大),回復,師団,大,フォース吸収(中),フォース,吸収,中,,,,,,,,
闇アリクイ,ブレイダー,2,アント・イーター,敵軍単体に微ダメージ,ダメージ,単体,微,フォース吸収(微),フォース,吸収,微,,,,,,,,
スキュラ,キャスター,2,イオ・テンタクル,敵軍全師団攻撃値ダウン(５％),攻撃値,ダウン,５％,自軍全師団攻撃値アップ(５％),攻撃値,アップ,５％,,,,,,,,
マンティコア,ランサー,3,毒炎ブレス,敵軍一列に微ダメージ,ダメージ,一列,微,敵軍一列に毒化付与(５％),毒化付与,一列,５％,,,,,,,,
ケルコロン,キャスター,1,わんわんお,敵軍全師団攻撃値ダウン(５％),攻撃値,ダウン,５％,,,,,,,,,,,,
スカーレットラビット,ブレイダー,2,血晶尖角,敵軍単体に小ダメージ,ダメージ,単体,小,敵軍全師団速度値ダウン(５％),速度値,ダウン,５％,,,,,,,,
オブシダンタイガー,ブレイダー,3,オブシダン・クロー,敵軍単体に中ダメージ,ダメージ,単体,中,自軍全師団防御値アップ(１０％),防御値,アップ,１０％,,,,,,,,
ラードーン,デストロイヤー,5,獣竜百叩き,敵軍師団に中ダメージ,ダメージ,師団,中,,,,,,,,,,,,
ラミア,ブレイダー,3,ロール・ユー,敵軍単体に微ダメージ,ダメージ,単体,微,敵軍単体に麻痺付与,麻痺付与,単体,,,,,,,,,
ケルベロス,ランサー,3,トリプル・バイト,敵軍一列に小ダメージ,ダメージ,一列,小,敵軍城壁に小ダメージ,城壁ダメージ,,小,,,,,,,,
シグムンド,ブレイダー,3,発・天狼烈爪牙,敵軍単体に中ダメージ,ダメージ,単体,中,,,,,,,,,,,,
スカーレットウルフ,ブレイダー,2,血晶狼爪,敵軍単体に小ダメージ,ダメージ,単体,小,敵軍単体に麻痺付与,麻痺付与,単体,,,,,,,,,
タイラントイール,ブレイダー,4,暴食の王,敵軍単体に大ダメージ,ダメージ,単体,大,敵軍全師団攻撃値ダウン(１０％),攻撃値,ダウン,１０％,,,,,,,,
セルケト,ブレイダー,3,ストーン・ニードル,敵軍単体に大ダメージ,ダメージ,単体,大,敵軍単体に解除付与,解除付与,単体,,,,,,,,,
ダンタリオン,ランサー,3,触の呼び声,敵軍一列に小ダメージ,ダメージ,一列,小,フォース減少(大),フォース,減少,大,,,,,,,,
ヒルディス,ランサー,5,禁獣の凶爪,敵軍一列に大ダメージ,ダメージ,一列,大,敵軍城壁に中ダメージ,城壁ダメージ,,中,,,,,,,,
テスカトリポカ,ランサー,5,呪いの狂牙,敵軍一列に中ダメージ,ダメージ,一列,中,敵軍一列に呪い付与,呪い付与,一列,,,,,,,,,
チックガルダ,キャスター,2,ガルダダンス,自軍全師団攻撃値アップ(３％),攻撃値,アップ,３％,自軍全師団防御値アップ(３％),防御値,アップ,３％,自軍全師団速度値アップ(３％),速度値,アップ,３％,,,,
コカトリス,ブレイダー,1,ポイズン・テール,敵軍単体に微ダメージ,ダメージ,単体,微,敵軍単体に毒化付与(５％),毒化付与,単体,５％,,,,,,,,
グリフォン,ブレイダー,2,クチバシ・レイド,敵軍単体に小ダメージ,ダメージ,単体,小,敵軍城壁に小ダメージ,城壁ダメージ,,小,,,,,,,,
カトブレパス,ブレイダー,4,邪悪の瞳,敵軍単体に小ダメージ,ダメージ,単体,小,敵軍単体に麻痺付与,麻痺付与,単体,,敵軍全師団速度値ダウン(５％),速度値,ダウン,５％,,,,
スカーレットコアトル,ランサー,3,血晶翼竜襲,敵軍一列に小ダメージ,ダメージ,一列,小,敵軍城壁に小ダメージ,城壁ダメージ,,小,,,,,,,,
サンダーバード,ブレイダー,3,サンダーボルテックス,敵軍単体に大ダメージ,ダメージ,単体,大,敵軍単体に麻痺付与,麻痺付与,単体,,,,,,,,,
シムルグ,キャスター,5,神鳥の加護,バリア効果(大),バリア,,大,自軍全師団知力値アップ(２０％),知力値,アップ,２０％,自軍全師団防御値アップ(２０％),防御値,アップ,２０％,,,,
まりもラット,キャスター,2,水際の窮鼠,バリア効果(微),バリア,,微,自軍全師団攻撃値アップ(５％),攻撃値,アップ,５％,,,,,,,,
イビルアイ,ランサー,3,イビル・アイ,敵軍一列に微ダメージ,ダメージ,一列,微,敵軍単体に麻痺付与,麻痺付与,単体,,,,,,,,,
アイスペンギン,ブレイダー,2,アイスロック,敵軍単体に凍結付与,凍結付与,単体,,,,,,,,,,,,,
スカーレットジェリー,ヒーラー,3,血晶海月泡,自軍１師団回復(小),回復,師団,小,自軍師団の状態異常を回復,状態異常回復,,,自軍師団に１ターン絶対治療付与,絶対治療付与,,,,,,
大酒虫,キャスター,3,飲みニケーション,フォース増加(小),フォース,増加,小,自軍全師団攻撃値アップ(１０％),攻撃値,アップ,１０％,,,,,,,,
サタナスアイ,ランサー,4,サタナス・アイ,敵軍一列に小ダメージ,ダメージ,一列,小,敵軍単体に麻痺付与,麻痺付与,単体,,,,,,,,,
アイアンタートル,ガーダー,3,アイアン・ガード,バリア効果(小),バリア,,小,自軍全師団防御値アップ(５％),防御値,アップ,５％,,,,,,,,
スパイクビースト,ガーダー,4,スパイク・カウンター,自軍城壁構築(大)+自軍全師団攻撃値アップ(２０％),城壁ダメージ,,大,,,,,,,,,,,,
アルマジュエル,ガーダー,3,ジュエル・ガード,自軍城壁拡張(大),城壁拡張,,大,自軍全師団防御値アップ(２０％),防御値,アップ,２０％,,,,,,,,
スフィンクス,ガーダー,3,クイズアタック４２３,バリア効果(小),バリア,,小,自軍全師団防御値アップ(５％),防御値,アップ,５％,,,,,,,,
ジュエルビースト,ブレイダー,2,ジュエル・コメット,敵軍単体に小ダメージ,ダメージ,単体,小,自軍全師団防御値アップ(５％),防御値,アップ,５％,,,,,,,,
スカーレットベア,ブレイダー,2,血晶熊撃爪,敵軍単体に中ダメージ,ダメージ,単体,中,自軍全師団防御値アップ(１０％),防御値,アップ,１０％,,,,,,,,
ノーザンワルラス,キャスター,3,氷獣の咆哮,フォース減少(小),フォース,減少,小,敵軍全師団全能力値ダウン(５％),全能力値,ダウン,５％,,,,,,,,
ウォーマンモス,ランサー,3,マンモス・タスク,敵軍一列に中ダメージ,ダメージ,一列,中,敵軍全師団防御値ダウン(１０％),防御値,ダウン,１０％,敵軍単体に麻痺付与,麻痺付与,単体,,,,,
アンフィスバエナ,ブレイダー,3,デュアルベノムテイル,敵軍単体に小ダメージ,ダメージ,単体,小,敵軍単体に毒化付与(２０％),毒化付与,単体,２０％,,,,,,,,
アンドロマリウス,ランサー,5,触の後光,敵軍一列に中ダメージ,ダメージ,一列,中,敵軍一列に毒化付与(２０％),毒化付与,一列,２０％,,,,,,,,
エルダーマンモス,ランサー,4,マンモス・フリージング,敵軍一列に大ダメージ,ダメージ,一列,大,敵軍全師団防御値ダウン(１５％),防御値,ダウン,１５％,敵軍単体に凍結付与,凍結付与,単体,,,,,
ベヒモス,ブレイダー,5,神獣防壁,自軍城壁拡張(大),城壁拡張,,大,敵軍単体に大ダメージ,ダメージ,単体,大,自軍全師団防御値アップ(１０％),防御値,アップ,１０％,,,,
デスフロッグ,ブレイダー,1,毒ゲコーン,敵軍単体に微ダメージ,ダメージ,単体,微,敵軍単体に毒化付与(５％),毒化付与,単体,５％,,,,,,,,
イモザラシ,キャスター,2,キャタピラダンス,自軍全師団攻撃値アップ(５％),攻撃値,アップ,５％,自軍全師団防御値アップ(５％),防御値,アップ,５％,,,,,,,,
アラクネ,ブレイダー,3,蜘蛛糸縛り,敵軍単体に微ダメージ,ダメージ,単体,微,敵軍単体に麻痺付与,麻痺付与,単体,,敵軍全師団速度値ダウン(５％),速度値,ダウン,５％,,,,
ブリザードベア,ブレイダー,1,ベアナックル,敵軍単体に微ダメージ,ダメージ,単体,微,敵軍城壁に微ダメージ,城壁ダメージ,,微,,,,,,,,
キングコブラ,ブレイダー,2,スネイクファング,敵軍単体に小ダメージ,ダメージ,単体,小,敵軍単体に毒化付与(１５％),毒化付与,単体,１５％,,,,,,,,
バジリスク,ランサー,3,ポイズンブレス,敵軍一列に微ダメージ,ダメージ,一列,微,敵軍一列に毒化付与(１０％),毒化付与,一列,１０％,,,,,,,,
イエティ,ブレイダー,3,イエティ・パンチ,敵軍単体に中ダメージ,ダメージ,単体,中,,,,,,,,,,,,
クラーケン,キャスター,3,侵略,敵軍単体に毒化付与(１５％),毒化付与,単体,１５％,敵軍全師団攻撃値ダウン(１５％),攻撃値,ダウン,１５％,,,,,,,,
シーモンスター,ブレイダー,4,プリデイター,フォース吸収(中),フォース,吸収,中,敵軍単体に中ダメージ,ダメージ,単体,中,,,,,,,,
テラーベア,ブレイダー,3,ブラッドクロー,敵軍単体に中ダメージ,ダメージ,単体,中,敵軍全師団防御値ダウン(５％),防御値,ダウン,５％,,,,,,,,
スカーレットゴート,ブレイダー,3,血晶羊蹄撃,敵軍単体に大ダメージ,ダメージ,単体,大,敵軍城壁に小ダメージ,城壁ダメージ,,小,,,,,,,,
グラシャラボラス,キャスター,4,蝕の咆哮,敵軍師団に毒化付与(２０％),毒化付与,師団,２０％,,,,,,,,,,,,
スカーレットサウルス,ランサー,3,血晶暴竜牙,敵軍一列に中ダメージ,ダメージ,一列,中,自軍全師団攻撃値アップ(１０％),攻撃値,アップ,１０％,,,,,,,,
ジズ,デストロイヤー,5,灰燼滅流波,敵軍師団に中ダメージ,ダメージ,師団,中,,,,,,,,,,,,
ポントス,デストロイヤー,5,海神の怒り,敵軍師団に中ダメージ,ダメージ,師団,中,敵軍城壁に中ダメージ,城壁ダメージ,,中,,,,,,,,
怪樹マヤ,ランサー,3,怪樹テンタクルス,敵軍一列に毒化付与(１５％),毒化付与,一列,１５％,自軍城壁拡張(小),城壁拡張,,小,,,,,,,,
スカーレットバンシー,ヒーラー,2,血晶溶解液,敵軍単体に微ダメージ,ダメージ,単体,微,自軍１師団蘇生(微),蘇生,師団,微,,,,,,,,
カリブディス,ブレイダー,5,おなかへったー,フォース吸収(大),フォース,吸収,大,敵軍単体に大ダメージ,ダメージ,単体,大,,,,,,,,
蛇神カドゥルー,ランサー,5,カースブラッドギアス,敵軍一列に中ダメージ,ダメージ,一列,中,敵軍一列に毒化付与(２０％),毒化付与,一列,２０％,敵軍全師団防御値ダウン(１５％),防御値,ダウン,１５％,,,,
レモラ,ブレイダー,1,水精の戯れ,敵軍単体に微ダメージ,ダメージ,単体,微,敵軍全師団速度値ダウン(５％),速度値,ダウン,５％,,,,,,,,
ホビットスカウト,ブレイダー,1,バックスタッブ,敵軍単体に微ダメージ,ダメージ,単体,微,敵軍全師団防御値ダウン(５％),防御値,ダウン,５％,,,,,,,,
エルヴンブレイダー,ブレイダー,1,オークスレイヤー,敵軍単体に微ダメージ,ダメージ,単体,微,自軍全師団知力値アップ(１０％),知力値,アップ,１０％,,,,,,,,
ソードジーニ,ランサー,3,剣精の演舞,敵軍一列に小ダメージ,ダメージ,一列,小,,,,,,,,,,,,
ドワーフセイバー,ランサー,3,ドワーフ流一刀両断,敵軍一列に小ダメージ,ダメージ,一列,小,敵軍全師団防御値ダウン(１５％),防御値,ダウン,１５％,,,,,,,,
ノクターンブレイド,ブレイダー,2,ガンズアンドブレード,敵軍単体に小ダメージ,ダメージ,単体,小,敵軍全師団防御値ダウン(５％),防御値,ダウン,５％,,,,,,,,
ロリドゥラキア,ランサー,2,リーフ・シェイバー,敵軍単体に小ダメージ,ダメージ,単体,小,自軍全師団速度値アップ(１０％),速度値,アップ,１０％,,,,,,,,
ジーンブレイズ,ランサー,3,剣精の炎舞,敵軍一列に小ダメージ,ダメージ,一列,小,自軍全師団速度値アップ(１０％),速度値,アップ,１０％,,,,,,,,
バロメッツイーター,キャスター,2,羊の擬態,フォース吸収(小),フォース,吸収,小,敵軍単体に毒化付与(１０％),毒化付与,単体,１０％,,,,,,,,
キャトラ・エゴ,ランサー,2,暴れだす食欲,敵軍一列に小ダメージ,ダメージ,一列,小,敵軍全師団防御値ダウン(１０％),防御値,ダウン,１０％,フォース吸収(中),フォース,吸収,中,,,,
バンブーチャイルド,ブレイダー,1,タケノコ掘るゾ,敵軍城壁に微ダメージ,城壁ダメージ,,微,敵軍単体に微ダメージ,ダメージ,単体,微,,,,,,,,
ケンタウルス,ブレイダー,2,ケンタウリ・スピア,敵軍単体に小ダメージ,ダメージ,単体,小,敵軍全師団速度値ダウン(５％),速度値,ダウン,５％,,,,,,,,
ユニコーンナイト,ヒーラー,3,ユニコーンチャージ,自軍１師団蘇生(小),蘇生,師団,小,自軍全師団防御値アップ(５％),防御値,アップ,５％,,,,,,,,
ドラセナリア,キャスター,3,ドラッグ・ドラセナ,フォース増加(中),フォース,増加,中,自軍全師団攻撃値アップ(１０％),攻撃値,アップ,１０％,,,,,,,,
ルークセントール,ブレイダー,3,ケンタウリ・ランス,敵軍単体に中ダメージ,ダメージ,単体,中,敵軍全師団速度値ダウン(１０％),速度値,ダウン,１０％,,,,,,,,
ミザリー,ブレイダー,3,不幸の鏡影,敵軍単体に微ダメージ,ダメージ,単体,微,フォース減少(中),フォース,減少,中,,,,,,,,
クイーンドラセナリア,キャスター,4,覚醒・ドラセナリア,フォース増加(中),フォース,増加,中,自軍全師団攻撃値アップ(２０％),攻撃値,アップ,２０％,自軍全師団速度値アップ(１０％),速度値,アップ,１０％,,,,
セフィラビースト,ブレイダー,3,ききぃっ,敵軍単体に小ダメージ,ダメージ,単体,小,自軍全師団全能力値アップ(５％),全能力値,アップ,５％,,,,,,,,
ルナティクスビースト,ブレイダー,3,ぎぎぃっ,敵軍単体に小ダメージ,ダメージ,単体,小,敵軍全師団全能力値ダウン(１０％),全能力値,ダウン,１０％,,,,,,,,
パラサイトアテナ,ヒーラー,4,寄生の柘榴,自軍１師団蘇生(中),蘇生,師団,中,自軍全師団全能力値アップ(１５％),全能力値,アップ,１５％,敵軍一列に封印付与,封印付与,一列,,,,,
フェアリー,キャスター,2,イタズラしちゃうぞ,敵軍全師団知力値ダウン(１５％),知力値,ダウン,１５％,敵軍全師団速度値ダウン(１５％),速度値,ダウン,１５％,,,,,,,,
リトルウィスパー,キャスター,1,ささやき戦術,フォース減少(微),フォース,減少,微,敵軍全師団攻撃値ダウン(１０％),攻撃値,ダウン,１０％,,,,,,,,
ホビットハンター,ブレイダー,1,ポイズンショット,敵軍単体に微ダメージ,ダメージ,単体,微,敵軍単体に毒化付与(５％),毒化付与,単体,５％,,,,,,,,
シルフィード,ヒーラー,3,西風のプレリュード,自軍１師団回復(小),回復,師団,小,自軍全師団防御値アップ(５％),防御値,アップ,５％,,,,,,,,
ドワーフガンナー,ランサー,4,ドワーフ流一発逆転,敵軍一列に小ダメージ,ダメージ,一列,小,敵軍城壁に小ダメージ,城壁ダメージ,,小,,,,,,,,
ユニコーンスナイパー,ブレイダー,2,聖女の一矢,敵軍単体に小ダメージ,ダメージ,単体,小,フォース減少(小),フォース,減少,小,,,,,,,,
エルヴンアサシン,ブレイダー,4,妖精式暗殺術,敵軍単体に大ダメージ,ダメージ,単体,大,敵軍単体に封印付与,封印付与,単体,,,,,,,,,
氷の女王,ランサー,3,セブンスソード,敵軍一列に小ダメージ,ダメージ,一列,小,敵軍全師団知力値ダウン(１０％),知力値,ダウン,１０％,,,,,,,,
セフィラシード,キャスター,2,ホワイトシード,自軍全師団防御値アップ(１５％),防御値,アップ,１５％,,,,,,,,,,,,
ルナティクスシード,キャスター,2,ブラックシード,敵軍全師団防御値ダウン(２０％),防御値,ダウン,２０％,,,,,,,,,,,,
バイコーンポーチャー,ブレイダー,3,影喰の一矢,敵軍単体に小ダメージ,ダメージ,単体,小,敵軍単体に封印付与,封印付与,単体,,,,,,,,,
マタンゴレディ,ブレイダー,1,マタンゴ・スポア,敵軍単体に微ダメージ,ダメージ,単体,微,敵軍単体に毒化付与(５％),毒化付与,単体,５％,,,,,,,,
ユニコロン,ヒーラー,2,霊薬ホーン,自軍１師団回復(微),回復,師団,微,バリア効果(微),バリア,,微,,,,,,,,
サテュロス,キャスター,1,騒霊の演奏会,フォース減少(微),フォース,減少,微,敵軍全師団防御値ダウン(１０％),防御値,ダウン,１０％,,,,,,,,
レディ・マシュルムス,ランサー,3,パライズ・スポア,敵軍一列に微ダメージ,ダメージ,一列,微,敵軍一列に麻痺付与(１段階),麻痺付与,一列,,,,,,,,,
エルヴンハーミット,ランサー,3,アイスウォール,敵軍一列に微ダメージ,ダメージ,一列,微,自軍城壁拡張(小),城壁拡張,,小,,,,,,,,
ユニコライダー,ヒーラー,3,ユニコフォース,自軍師団の状態異常を回復,状態異常回復,,,自軍師団に１ターン絶対治療付与,絶対治療付与,,,自軍全師団全能力値アップ(１０％),全能力値,アップ,１０％,,,,
スネグラチカ,キャスター,3,氷精の応援氷壁,自軍城壁拡張(小),城壁拡張,,小,自軍全師団全能力値アップ(１０％),全能力値,アップ,１０％,,,,,,,,
ビブリオマニア,ガーダー,3,ぶっこみバリア,バリア効果(中),バリア,,中,自軍全師団知力値アップ(１０％),知力値,アップ,１０％,,,,,,,,
エルヴンサマナー,キャスター,4,精霊憑依,フォース増加(中),フォース,増加,中,自軍全師団知力値アップ(１５％),知力値,アップ,１５％,,,,,,,,
プーカ,ヒーラー,5,運命のカンパネルラ,自軍１師団蘇生(中),蘇生,師団,中,フォース増加(中),フォース,増加,中,,,,,,,,
ラナンシー,ヒーラー,4,癒やしのお花畑,フォース増加(中),フォース,増加,中,自軍１師団回復(小),回復,師団,小,,,,,,,,
セフィラアニマ,ランサー,4,月信の歌声,敵軍一列に小ダメージ,ダメージ,一列,小,敵軍一列に封印付与,封印付与,一列,,,,,,,,,
ルナティクスアニマ,ランサー,4,月狂の歌声,敵軍一列に中ダメージ,ダメージ,一列,中,敵軍一列に呪い付与,呪い付与,一列,,,,,,,,,
アプスー,キャスター,4,屍蝕の霧,敵軍師団に小ダメージ,ダメージ,師団,小,敵軍全体に呪い付与,呪い付与,全体,,,,,,,,,
ドライアド,ヒーラー,3,樹霊のしずく,自軍１師団回復(小),回復,師団,小,バリア効果(小),バリア,,小,,,,,,,,
ドワーフガーダー,ガーダー,3,老練の盾,バリア効果(小),バリア,,小,自軍全師団防御値アップ(１０％),防御値,アップ,１０％,,,,,,,,
アイスエント,ガーダー,3,樹氷シールド,バリア効果(小),バリア,,小,自軍全師団防御値アップ(５％),防御値,アップ,５％,,,,,,,,
エルヴンナイト,ガーダー,2,エレメンタルウォール,フォース増加(小),フォース,増加,小,自軍全師団防御値アップ(１５％),防御値,アップ,１５％,,,,,,,,
カルキノス,ガーダー,2,カブトガニシールド,自軍城壁拡張(中),城壁拡張,,中,自軍全師団防御値アップ(２０％),防御値,アップ,２０％,,,,,,,,
スイカオーランタン,ランサー,2,スイカ・ハレーション,敵軍一列に微ダメージ,ダメージ,一列,微,敵軍全師団攻撃値ダウン(１５％),攻撃値,ダウン,１５％,,,,,,,,
クーフーリン,ブレイダー,4,致死槍ゲイボルグ,敵軍単体に大ダメージ,ダメージ,単体,大,敵軍単体に毒化付与(２５％),毒化付与,単体,２５％,敵軍単体に呪い付与,呪い付与,単体,,,,,
ネーレウス,ブレイダー,3,水霊の誘い,敵軍単体に小ダメージ,ダメージ,単体,小,フォース吸収(小),フォース,吸収,小,,,,,,,,
ドワーフファイター,ブレイダー,2,ヘヴィスイング,敵軍単体に小ダメージ,ダメージ,単体,小,敵軍城壁に小ダメージ,城壁ダメージ,,小,,,,,,,,
エルヴンストライカー,ブレイダー,2,精霊入魂撃,敵軍単体に小ダメージ,ダメージ,単体,小,フォース減少(小),フォース,減少,小,,,,,,,,
ノクターンスカラー,デストロイヤー,5,エネルゲイア・カノン,敵軍師団に小ダメージ,ダメージ,師団,小,,,,,,,,,,,,
ドワーフキング,ランサー,4,キングブレイブ,敵軍一列に小ダメージ+自軍全師団全能力値アップ(１０％),ダメージ,師団,小,,,,,,,,,,,,
キラーバスケット,ヒーラー,4,キラートマト,自軍１師団蘇生(小),蘇生,師団,小,敵軍一列に小ダメージ,ダメージ,一列,小,,,,,,,,
マッドスカラーＳ,デストロイヤー,5,グランドクロス砲,敵軍師団に小ダメージ,ダメージ,師団,小,敵軍全師団全能力値ダウン(５％),全能力値,ダウン,５％,,,,,,,,
セフィラドラグス,デストロイヤー,5,樹竜プレス,敵軍全体に中ダメージ,ダメージ,全体,中,敵軍城壁に大ダメージ,城壁ダメージ,,大,,,,,,,,
ルナティクスドラグス,デストロイヤー,5,樹竜ストンプ,敵軍全体に中ダメージ,ダメージ,全体,中,フォース吸収(大),フォース,吸収,大,,,,,,,,
ベビーアルラウネ,ヒーラー,2,幼艶の草ダンス,自軍１師団回復(小),回復,師団,小,自軍全師団知力値アップ(５％),知力値,アップ,５％,,,,,,,,
マンドラゴラ,キャスター,2,ぶっこぬきシャウト,敵軍単体に毒化付与(５％),毒化付与,単体,５％,敵軍全師団防御値ダウン(５％),防御値,ダウン,５％,,,,,,,,
カクタスガール・マミ,ブレイダー,2,カクタス・ハグ！,敵軍単体に小ダメージ,ダメージ,単体,小,敵軍全師団速度値ダウン(５％),速度値,ダウン,５％,,,,,,,,
アルラウネ,ヒーラー,3,魅惑の草ダンス,自軍１師団回復(小),回復,師団,小,自軍全師団知力値アップ(１０％),知力値,アップ,１０％,,,,,,,,
エルヴンシャーマン,ランサー,3,オークバースト,敵軍一列に小ダメージ,ダメージ,一列,小,自軍全師団知力値アップ(１５％),知力値,アップ,１５％,,,,,,,,
ファンガスコック,ヒーラー,3,マッシュ・パスタ,自軍師団の状態異常を回復,状態異常回復,,,自軍師団に１ターン絶対治療付与,絶対治療付与,,,自軍１師団回復(小),回復,師団,小,,,,
メリアス,ヒーラー,3,おしゃべ林檎,自軍師団の状態異常を回復,状態異常回復,,,自軍師団に１ターン絶対治療付与,絶対治療付与,,,自軍１師団回復(中),回復,師団,中,,,,
カクタスガール・メロ,ブレイダー,2,ハグハグハグ,敵軍単体に中ダメージ,ダメージ,単体,中,敵軍全師団速度値ダウン(１０％),速度値,ダウン,１０％,,,,,,,,
ティターニア,ガーダー,5,妖精女王の加護,バリア効果(大),バリア,,大,自軍全師団攻撃値アップ(１０％),攻撃値,アップ,１０％,,,,,,,,
イルミンスール,ヒーラー,5,神樹の癒し,自軍１師団回復(大),回復,師団,大,自軍全師団全能力値アップ(１０％),全能力値,アップ,１０％,,,,,,,,
ポンポコ忍者,ガーダー,2,空蝉の術・弐,バリア効果(微),バリア,,微,自軍全師団防御値アップ(５％),防御値,アップ,５％,,,,,,,,
般若武者,ブレイダー,2,抜刀術・閃雷,敵軍単体に小ダメージ,ダメージ,単体,小,敵軍全師団速度値ダウン(１５％),速度値,ダウン,１５％,,,,,,,,
牛鬼,ランサー,3,牛胆流・無双牛参り,敵軍一列に微ダメージ,ダメージ,一列,微,敵軍一列に毒化付与(１０％),毒化付与,一列,１０％,,,,,,,,
はやて,ランサー,3,Ｋ・Ｓ・Ａ,敵軍一列に小ダメージ,ダメージ,一列,小,,,,,,,,,,,,
屍破犬,ブレイダー,3,撃滅仏恥義理,敵軍単体に中ダメージ,ダメージ,単体,中,敵軍単体に麻痺付与,麻痺付与,単体,,,,,,,,,
酒呑童子,ランサー,4,酒呑棍棒真空撃,敵軍一列に中ダメージ,ダメージ,一列,中,敵軍城壁に中ダメージ,城壁ダメージ,,中,,,,,,,,
ぬらりひょん,ブレイダー,5,畏怖蓮華刃,敵軍単体に大ダメージ,ダメージ,単体,大,フォース吸収(中),フォース,吸収,中,,,,,,,,
アマハバキリ,ランサー,5,天羽々斬,敵軍一列に中ダメージ,ダメージ,一列,中,敵軍一列に封印付与,封印付与,一列,,,,,,,,,
火車,ヒーラー,3,地獄ラーメン一丁,自軍１師団回復(小),回復,師団,小,自軍全師団速度値アップ(１５％),速度値,アップ,１５％,,,,,,,,
竜宮の姫,キャスター,4,開けてビックリ玉手箱,フォース減少(大),フォース,減少,大,敵軍全師団攻撃値ダウン(２０％),攻撃値,ダウン,２０％,敵軍全師団防御値ダウン(２０％),防御値,ダウン,２０％,,,,
幻獣ライゴウ,ランサー,3,雷劫一徹,敵軍一列に小ダメージ,ダメージ,一列,小,敵軍一列に麻痺付与,麻痺付与,一列,,,,,,,,,
一目連,ランサー,4,目貫の一槍,敵軍一列に中ダメージ,ダメージ,一列,中,敵軍全師団防御値ダウン(１５％),防御値,ダウン,１５％,,,,,,,,
凶幻獣ライゴウ,デストロイヤー,3,雷劫一徹・凶,敵軍全体に小ダメージ,ダメージ,全体,小,敵軍全体に麻痺付与,麻痺付与,全体,,,,,,,,,
大百足姫,ブレイダー,3,一緒に遊びましょ,敵軍単体に大ダメージ,ダメージ,単体,大,敵軍単体に毒化付与(３５％),毒化付与,単体,３５％,,,,,,,,
雪女,ブレイダー,1,氷結晶,敵軍単体に微ダメージ,ダメージ,単体,微,敵軍全師団速度値ダウン(５％),速度値,ダウン,５％,,,,,,,,
河童,ブレイダー,1,河童の川流し,敵軍単体に微ダメージ,ダメージ,単体,微,,,,,,,,,,,,
ネコマタ,ブレイダー,1,招き猫パンチ,敵軍単体に微ダメージ,ダメージ,単体,微,自軍全師団知力値アップ(５％),知力値,アップ,５％,,,,,,,,
砂かけロリばばあ,ブレイダー,1,砂かけキック,敵軍単体に微ダメージ,ダメージ,単体,微,敵軍城壁に微ダメージ,城壁ダメージ,,微,,,,,,,,
楓,ブレイダー,2,狐火なのじゃ,敵軍単体に小ダメージ,ダメージ,単体,小,,,,,,,,,,,,
雪女将,ランサー,3,氷結宝結晶,敵軍一列に微ダメージ,ダメージ,一列,微,敵軍一列に凍結付与,凍結付与,一列,,,,,,,,,
焔雉子,デストロイヤー,3,十字聖炎嵐,敵軍全体に微ダメージ,ダメージ,全体,微,フォース吸収(中),フォース,吸収,中,,,,,,,,
幻獣ヤクモ,ランサー,3,八雲の吹雪,敵軍一列に小ダメージ,ダメージ,一列,小,敵軍全師団防御値ダウン(１０％),防御値,ダウン,１０％,敵軍一列に凍結付与,凍結付与,一列,,,,,
迦楼羅天,デストロイヤー,4,破邪の火焔,敵軍全体に微ダメージ,ダメージ,全体,微,フォース減少(中),フォース,減少,中,,,,,,,,
凶幻獣ヤクモ,デストロイヤー,4,八雲の吹雪・凶,敵軍全体に中ダメージ,ダメージ,全体,中,敵軍全師団防御値ダウン(１５％),防御値,ダウン,１５％,敵軍全体に凍結付与,凍結付与,全体,,,,,
管狐,ブレイダー,2,狐火アタック,敵軍単体に微ダメージ,ダメージ,単体,微,敵軍単体に麻痺付与,麻痺付与,単体,,,,,,,,,
ユキンコ,ヒーラー,2,ゆきやこんこん,自軍１師団回復(小),回復,師団,小,敵軍全師団速度値ダウン(５％),速度値,ダウン,５％,,,,,,,,
カラス天狗,キャスター,2,王手飛車角金銀桂馬取,敵軍全師団速度値ダウン(１０％),速度値,ダウン,１０％,敵軍全師団知力値ダウン(１０％),知力値,ダウン,１０％,敵軍全師団攻撃値ダウン(５％),攻撃値,ダウン,５％,,,,
三霊狐,ランサー,4,管狐三連星,敵軍一列に微ダメージ,ダメージ,一列,微,敵軍単体に麻痺付与,麻痺付与,単体,,,,,,,,,
金霊,ヒーラー,3,大判小判の舞,自軍１師団回復(小),回復,師団,小,バリア効果(小),バリア,,小,,,,,,,,
狂骨,ランサー,4,狂恨の呪怨,敵軍一列に中ダメージ,ダメージ,一列,中,敵軍一列に呪い付与,呪い付与,一列,,,,,,,,,
文車妖妃,ヒーラー,3,恋文無双,自軍１師団蘇生(微),蘇生,師団,微,敵軍全師団知力値ダウン(１０％),知力値,ダウン,１０％,,,,,,,,
ルナ,キャスター,3,二尾ビンタ,敵軍単体に毒化付与(１０％),毒化付与,単体,１０％,敵軍全師団全能力値ダウン(１０％),全能力値,ダウン,１０％,,,,,,,,
幻獣王シラマガミ,デストロイヤー,4,虹の雷光,敵軍全体に小ダメージ,ダメージ,全体,小,バリア効果(大),バリア,,大,敵軍単体に麻痺付与,麻痺付与,単体,,,,,
イザナミ,ブレイダー,3,黄泉比良坂,敵軍単体に大ダメージ,ダメージ,単体,大,敵軍単体に呪い付与,呪い付与,単体,,敵軍単体に麻痺付与,麻痺付与,単体,,,,,
ゆきだるま,ランサー,2,ブリザード・クライ,敵軍一列に微ダメージ,ダメージ,一列,微,フォース減少(小),フォース,減少,小,,,,,,,,
天邪鬼,デストロイヤー,4,天地裏返しの術,敵軍師団に微ダメージ,ダメージ,師団,微,,,,,,,,,,,,
大鬼,ブレイダー,3,鬼の腕,敵軍単体に中ダメージ,ダメージ,単体,中,,,,,,,,,,,,
馬頭,ランサー,3,捕縛術・地獄袈裟斬り,敵軍一列に小ダメージ,ダメージ,一列,小,,,,,,,,,,,,
海坊主,ガーダー,3,海壁,自軍城壁拡張(大),城壁拡張,,大,自軍全師団防御値アップ(１０％),防御値,アップ,１０％,,,,,,,,
幻獣アカオドシ,ガーダー,3,赤威の炎爪撃,敵軍単体に小ダメージ,ダメージ,単体,小,バリア効果(中),バリア,,中,,,,,,,,
言見聞猿,ガーダー,3,神舞九輪破邪障壁,バリア効果(中),バリア,,中,自軍全師団知力値アップ(１５％),知力値,アップ,１５％,,,,,,,,
凶幻獣アカオドシ,ガーダー,3,赤威の炎爪撃・凶,敵軍単体に中ダメージ,ダメージ,単体,中,バリア効果(中),バリア,,中,,,,,,,,
阿修羅,ブレイダー,4,バスターオブアスラ,敵軍単体に大ダメージ,ダメージ,単体,大,敵軍城壁に中ダメージ,城壁ダメージ,,中,,,,,,,,
だいだらぼっち,デストロイヤー,5,山崩し,敵軍全体に小ダメージ,ダメージ,全体,小,敵軍城壁に特大ダメージ,城壁ダメージ,,特大,,,,,,,,
鬼娘,ブレイダー,3,鬼娘に金棒,敵軍単体に中ダメージ,ダメージ,単体,中,,,,,,,,,,,,
牛頭,ランサー,4,捕縛術・滅多矢鱈撃ち,敵軍一列に中ダメージ,ダメージ,一列,中,,,,,,,,,,,,
ヤマタノオロチ,デストロイヤー,5,龍王裂波,敵軍師団に中ダメージ,ダメージ,師団,中,,,,,,,,,,,,
神威大蛇,デストロイヤー,5,神威蛇龍破,敵軍師団に中ダメージ+フォース減少(中),ダメージ,師団,中,,,,,,,,,,,,
キツネ巫女,ヒーラー,3,困った時の巫女頼み,自軍１師団蘇生(微),蘇生,師団,微,バリア効果(微),バリア,,微,,,,,,,,
はまぐり女房,ヒーラー,2,極旨すまし汁,自軍１師団回復(微),回復,師団,微,バリア効果(微),バリア,,微,,,,,,,,
妖狐,ヒーラー,4,狐流符術陣,自軍１師団回復(小),回復,師団,小,敵軍一列に小ダメージ,ダメージ,一列,小,,,,,,,,
アマビエ,ヒーラー,3,疫病退散の瓦版,自軍師団の状態異常を回復,状態異常回復,,,自軍師団に１ターン絶対治療付与,絶対治療付与,,,自軍１師団回復(中),回復,師団,中,,,,
オオゲツヒメ,ヒーラー,4,豊穣の食卓,自軍１師団回復(中),回復,師団,中,自軍全師団全能力値アップ(５％),全能力値,アップ,５％,,,,,,,,
邪仙狐,ヒーラー,4,魔風の芭蕉扇,自軍１師団蘇生(小),蘇生,師団,小,敵軍全体に小ダメージ,ダメージ,全体,小,敵軍全体に麻痺付与,麻痺付与,全体,,,,,
インプ,ブレイダー,1,イタズラ・クライム,敵軍単体に微ダメージ,ダメージ,単体,微,敵軍全師団速度値ダウン(５％),速度値,ダウン,５％,,,,,,,,
ゴーゴン,ブレイダー,3,石化にらみ,敵軍単体に微ダメージ,ダメージ,単体,微,敵軍単体に麻痺付与,麻痺付与,単体,,,,,,,,,
デーモンレイダー,ヒーラー,2,食撃のトーフ,敵軍単体に微ダメージ,ダメージ,単体,微,自軍１師団回復(微),回復,師団,微,,,,,,,,
デーモンエグゼクター,ブレイダー,3,ジャッジメント,敵軍単体に大ダメージ,ダメージ,単体,大,,,,,,,,,,,,
メドゥーサ,ランサー,3,カースドアイ,敵軍一列に微ダメージ,ダメージ,一列,微,敵軍一列に封印付与,封印付与,一列,,敵軍一列に呪い付与,呪い付与,一列,,,,,
オプスヴァルカン,キャスター,4,武装転成,フォース増加(中),フォース,増加,中,自軍全師団攻撃値アップ(２０％),攻撃値,アップ,２０％,,,,,,,,
ルキフェル,ガーダー,5,闇の明星,バリア効果(大),バリア,,大,自軍全師団全能力値アップ(１０％),全能力値,アップ,１０％,,,,,,,,
デビルファーマー,ブレイダー,1,農奴の逆襲,敵軍単体に微ダメージ,ダメージ,単体,微,,,,,,,,,,,,
デビル,ヒーラー,2,ライフスティール,敵軍単体に微ダメージ,ダメージ,単体,微,自軍１師団回復(微),回復,師団,微,,,,,,,,
デビルキャバリエ,ランサー,3,イビルチャージ,敵軍一列に小ダメージ,ダメージ,一列,小,敵軍全師団防御値ダウン(１０％),防御値,ダウン,１０％,,,,,,,,
エリゴール,ランサー,3,ライトニング・レイ,敵軍一列に小ダメージ,ダメージ,一列,小,敵軍一列に麻痺付与,麻痺付与,一列,,,,,,,,,
ベレト,ランサー,5,魔槍三叉戟,敵軍一列に大ダメージ,ダメージ,一列,大,敵軍城壁に中ダメージ,城壁ダメージ,,中,,,,,,,,
フォルネウス,ヒーラー,3,船盛大盤振る舞い,自軍１師団回復(小),回復,師団,小,フォース増加(微),フォース,増加,微,,,,,,,,
キマリス,ブレイダー,2,漆黒の槍,敵軍単体に中ダメージ,ダメージ,単体,中,フォース減少(小),フォース,減少,小,,,,,,,,
メフィストフェレス,キャスター,3,メフィストの嘘,フォース減少(中),フォース,減少,中,敵軍全師団全能力値ダウン(１５％),全能力値,ダウン,１５％,,,,,,,,
アスタルテ,デストロイヤー,4,破滅の稲妻,敵軍全体に中ダメージ,ダメージ,全体,中,敵軍全師団全能力値ダウン(１０％),全能力値,ダウン,１０％,敵軍全体に麻痺付与,麻痺付与,全体,,,,,
レプラコーン,ブレイダー,1,ゴールデビルハンマー,敵軍単体に微ダメージ,ダメージ,単体,微,,,,,,,,,,,,
フレイムスロワー,ランサー,2,汚物は消毒だぁ,敵軍一列に微ダメージ,ダメージ,一列,微,,,,,,,,,,,,
グレムリン,キャスター,2,悪戯小悪魔,敵軍全師団全能力値ダウン(３％),全能力値,ダウン,３％,,,,,,,,,,,,
ボルトアベンジャー,ブレイダー,3,汚物は滅菌だぁ,敵軍単体に小ダメージ,ダメージ,単体,小,敵軍単体に麻痺付与,麻痺付与,単体,,,,,,,,,
プロケル,キャスター,4,論理の唄,自軍全師団全能力値アップ(１５％),全能力値,アップ,１５％,フォース増加(大),フォース,増加,大,,,,,,,,
リリス,キャスター,4,淫婦の抱擁,敵軍単体に麻痺付与,麻痺付与,単体,,敵軍全師団防御値ダウン(１０％),防御値,ダウン,１０％,敵軍全師団攻撃値ダウン(１０％),攻撃値,ダウン,１０％,,,,
パイモン,ブレイダー,4,アルマゲドンロック,敵軍全体に微ダメージ,ダメージ,全体,微,敵軍全師団全能力値ダウン(１０％),全能力値,ダウン,１０％,,,,,,,,
ウェパル,ランサー,3,イビル・スティング,敵軍一列に中ダメージ,ダメージ,一列,中,フォース減少(小),フォース,減少,小,,,,,,,,
ドリームシープ,ヒーラー,2,メリーの子守歌,自軍１師団回復(小),回復,師団,小,,,,,,,,,,,,
インキュバス,ヒーラー,3,発情フェロモン,自軍１師団回復(小),回復,師団,小,敵軍単体に毒化付与(１０％),毒化付与,単体,１０％,,,,,,,,
サキュバス,キャスター,2,発情邪眼,フォース減少(小),フォース,減少,小,敵軍単体に毒化付与(１０％),毒化付与,単体,１０％,,,,,,,,
マリオネッター,ブレイダー,3,ハピネスメリー,敵軍単体に微ダメージ,ダメージ,単体,微,敵軍単体に呪い付与,呪い付与,単体,,敵軍単体に魅了付与,魅了付与,単体,,,,,
グリモアデーモン,キャスター,4,スキルブレイク,敵軍一列に解除付与,解除付与,一列,,,,,,,,,,,,,
エウリュアレー,ランサー,3,イビルストーム,敵軍一列に小ダメージ,ダメージ,一列,小,敵軍一列に魅了付与,魅了付与,一列,,,,,,,,,
シトリー,キャスター,4,シークレットタブー,敵軍全師団防御値ダウン(２０％),防御値,ダウン,２０％,敵軍単体に麻痺付与,麻痺付与,単体,,,,,,,,,
デカラビア,キャスター,5,ブラックスター,自軍全師団全能力値アップ(１０％),全能力値,アップ,１０％,敵軍全師団全能力値ダウン(１０％),全能力値,ダウン,１０％,,,,,,,,
マモン,ヒーラー,4,マモン・ロワイヤル,自軍１師団回復(小),回復,師団,小,自軍全師団全能力値アップ(１０％),全能力値,アップ,１０％,,,,,,,,
サタン,デストロイヤー,5,イラ,敵軍全体に大ダメージ,ダメージ,全体,大,フォース減少(特),フォース,減少,特,,,,,,,,
デーモンナイト,ブレイダー,3,ブラッドソード,敵軍単体に微ダメージ,ダメージ,単体,微,フォース吸収(小),フォース,吸収,小,,,,,,,,
バロン,ランサー,3,マジックレイ,敵軍一列に小ダメージ,ダメージ,一列,小,敵軍全師団攻撃値ダウン(５％),攻撃値,ダウン,５％,,,,,,,,
オプスメイジ,ガーダー,3,オプティックシールド,バリア効果(小),バリア,,小,自軍全師団防御値アップ(５％),防御値,アップ,５％,,,,,,,,
デーモンアリスト,ランサー,4,ブリザードストーム,敵軍一列に中ダメージ,ダメージ,一列,中,敵軍全師団知力値ダウン(１０％),知力値,ダウン,１０％,,,,,,,,
デビルジェネラル,ガーダー,4,イビルディフェンダー,バリア効果(中),バリア,,中,自軍全師団防御値アップ(１５％),防御値,アップ,１５％,自軍１師団回復(微),回復,師団,微,,,,
ナーガ,ヒーラー,5,輪廻の蛇精,自軍１師団蘇生(小),蘇生,師団,小,フォース吸収(大),フォース,吸収,大,,,,,,,,
デーモンブレイブ,デストロイヤー,4,ブレイブストーム,敵軍師団に小ダメージ,ダメージ,師団,小,自軍全師団攻撃値アップ(１０％),攻撃値,アップ,１０％,,,,,,,,
フォルカロル,ガーダー,5,ストームディバイダー,自軍城壁拡張(大),城壁拡張,,大,敵軍城壁に大ダメージ,城壁ダメージ,,大,,,,,,,,
イビルライダー,デストロイヤー,3,砲撃支援要請,敵軍師団に微ダメージ,ダメージ,師団,微,,,,,,,,,,,,
クルラホーン,ランサー,3,酔拳・ツボ押しの舞,敵軍単体に小ダメージ,ダメージ,単体,小,自軍１師団回復(微),回復,師団,微,,,,,,,,
アスモデ,ブレイダー,3,デーモン鉄球,敵軍単体に中ダメージ,ダメージ,単体,中,敵軍城壁に中ダメージ,城壁ダメージ,,中,,,,,,,,
アークデーモン,ブレイダー,4,ソウルスティール,敵軍単体に中ダメージ,ダメージ,単体,中,自軍１師団回復(小),回復,師団,小,,,,,,,,
バルログ,デストロイヤー,5,魔炎の宴,敵軍師団に中ダメージ,ダメージ,師団,中,自軍全師団攻撃値アップ(１０％),攻撃値,アップ,１０％,,,,,,,,
ガープ,ランサー,5,ロイヤルフラッシュ,敵軍一列に中ダメージ,ダメージ,一列,中,フォース増加(大),フォース,増加,大,,,,,,,,
グシオン,ブレイダー,3,魔猿解放,敵軍単体に中ダメージ,ダメージ,単体,中,敵軍城壁に小ダメージ,城壁ダメージ,,小,,,,,,,,
パズス,デストロイヤー,5,獣魔焦熱嵐,敵軍全体に中ダメージ,ダメージ,全体,中,敵軍全師団全能力値ダウン(１５％),全能力値,ダウン,１５％,,,,,,,,
エンジェルインプ,ヒーラー,3,天使の治療,自軍１師団回復(小),回復,師団,小,フォース増加(小),フォース,増加,小,,,,,,,,
デビルコック,ヒーラー,3,究極の上魔刺定食,自軍１師団回復(小),回復,師団,小,フォース増加(中),フォース,増加,中,,,,,,,,
デビルナース,ヒーラー,4,デッドリー点滴,自軍１師団蘇生(小),蘇生,師団,小,バリア効果(小),バリア,,小,,,,,,,,
エンプーサ,ヒーラー,4,斬り刻みオペ,自軍１師団蘇生(小),蘇生,師団,小,自軍全師団防御値アップ(１５％),防御値,アップ,１５％,,,,,,,,
ナベリウス,ヒーラー,4,至高の魔懐石料理,自軍１師団蘇生(小),蘇生,師団,小,フォース増加(中),フォース,増加,中,,,,,,,,
ヴァサーゴ,ヒーラー,4,食神流三枚卸し,自軍１師団蘇生(中),蘇生,師団,中,敵軍単体に中ダメージ,ダメージ,単体,中,,,,,,,,
ラマシュトゥ,ヒーラー,4,悪夢の支配,自軍１師団蘇生(中),蘇生,師団,中,敵軍全体に微ダメージ,ダメージ,全体,微,敵軍全体に魅了付与,魅了付与,全体,,,,,
ポルターガイスト,ランサー,2,ティーカップ乱れ打ち,敵軍一列に微ダメージ,ダメージ,一列,微,,,,,,,,,,,,
グール,ブレイダー,3,グルルン・クロー,敵軍単体に微ダメージ,ダメージ,単体,微,敵軍単体に麻痺付与,麻痺付与,単体,,,,,,,,,
ミイラ女,ヒーラー,2,包帯ヒール,自軍１師団回復(微),回復,師団,微,自軍全師団知力値アップ(５％),知力値,アップ,５％,,,,,,,,
ヴァンパイア,ブレイダー,2,ＤＷＰアタック,敵軍単体に小ダメージ,ダメージ,単体,小,敵軍全師団防御値ダウン(５％),防御値,ダウン,５％,,,,,,,,
カースソード,ランサー,3,トリプルセイバー,敵軍一列に小ダメージ,ダメージ,一列,小,,,,,,,,,,,,
マスターブレイド,ブレイダー,3,怨念の血刀,敵軍単体に中ダメージ,ダメージ,単体,中,敵軍単体に毒化付与(１５％),毒化付与,単体,１５％,,,,,,,,
ゾンビエグゼクター,ブレイダー,5,不死の処刑執行,敵軍単体に超ダメージ,ダメージ,単体,超,敵軍単体に呪い付与,呪い付与,単体,,,,,,,,,
ヴァンパイアプリンセス,ブレイダー,4,ヴァンプドレイン,フォース吸収(中),フォース,吸収,中,敵軍単体に中ダメージ,ダメージ,単体,中,,,,,,,,
レウケーヒーロー,ランサー,3,妄信の決死行,敵軍一列に中ダメージ,ダメージ,一列,中,自軍全師団全能力値アップ(１０％),全能力値,アップ,１０％,,,,,,,,
アビサルマーダラー,ブレイダー,4,罪人処断,敵軍単体に大ダメージ,ダメージ,単体,大,敵軍単体に呪い付与,呪い付与,単体,,,,,,,,,
デスブリンガー,ブレイダー,3,呪怨の剣舞,敵軍単体に中ダメージ,ダメージ,単体,中,敵軍単体に呪い付与,呪い付与,単体,,,,,,,,,
カオスブリンガー,デストロイヤー,5,混沌の剣舞,敵軍全体に大ダメージ,ダメージ,全体,大,自軍１師団回復(小),回復,師団,小,敵軍全体に呪い付与,呪い付与,全体,,敵軍全体に麻痺付与,麻痺付与,全体,
ボーンナイト,ランサー,3,骸骨槍・無骨三段,敵軍一列に小ダメージ,ダメージ,一列,小,敵軍全師団防御値ダウン(５％),防御値,ダウン,５％,,,,,,,,
死神,キャスター,3,死装解放・魂魄葬送,フォース減少(小),フォース,減少,小,自軍全師団全能力値アップ(１０％),全能力値,アップ,１０％,,,,,,,,
ドゥームナイト,ブレイダー,3,デスアサルト,敵軍単体に中ダメージ,ダメージ,単体,中,敵軍全師団攻撃値ダウン(１０％),攻撃値,ダウン,１０％,,,,,,,,
デスドラグーン,ブレイダー,3,竜殺衝,敵軍単体に中ダメージ,ダメージ,単体,中,敵軍単体に毒化付与(１５％),毒化付与,単体,１５％,,,,,,,,
死神長,ブレイダー,4,死装解放・神魔殲葬,フォース減少(大),フォース,減少,大,敵軍単体大ダメージ,ダメージ,単体,大,,,,,,,,
アヌビス,ランサー,4,ハイ＝ダラー,敵軍一列に小ダメージ,ダメージ,一列,小,敵軍一列に毒化付与(１５％),毒化付与,一列,１５％,,,,,,,,
スパイン＝デヴリス,ブレイダー,3,シー・イーター,敵軍単体に中ダメージ,ダメージ,単体,中,フォース吸収(小),フォース,吸収,小,,,,,,,,
アビサルアグレッサー,キャスター,3,冥軍号令,自軍全師団全能力値アップ(１５％),全能力値,アップ,１５％,フォース増加(中),フォース,増加,中,,,,,,,,
死神総長,ブレイダー,5,死葬詠唱・夢幻散華,敵軍単体に特大ダメージ,ダメージ,単体,特大,フォース減少(特),フォース,減少,特,,,,,,,,
ゴースト,ブレイダー,2,ゴーストアタック,敵軍単体に微ダメージ,ダメージ,単体,微,敵軍全師団速度値ダウン(５％),速度値,ダウン,５％,,,,,,,,
マレウス＝デヴリス,キャスター,2,叫喚,敵軍全師団全能力値ダウン(５％),全能力値,ダウン,５％,,,,,,,,,,,,
死神見習い,ランサー,2,デスハリケーンでちっ,敵軍一列に微ダメージ,ダメージ,一列,微,フォース減少(小),フォース,減少,小,,,,,,,,
バンシー,ブレイダー,2,死の夜泣き,敵軍単体に小ダメージ,ダメージ,単体,小,敵軍全師団知力値ダウン(５％),知力値,ダウン,５％,,,,,,,,
ファントム,ブレイダー,2,悲恋の記憶,敵軍単体に小ダメージ,ダメージ,単体,小,敵軍単体に毒化付与(１０％),毒化付与,単体,１０％,,,,,,,,
ダンピール,ブレイダー,4,サンクチュアリ,バリア効果(中),バリア,,中,敵軍単体に中ダメージ,ダメージ,単体,中,,,,,,,,
ソウルサッカー,ブレイダー,2,ソウルキック,敵軍単体に中ダメージ,ダメージ,単体,中,フォース減少(微),フォース,減少,微,,,,,,,,
アサルトガンナー,ブレイダー,3,死者の魔弾,敵軍単体に中ダメージ,ダメージ,単体,中,敵軍城壁に中ダメージ,城壁ダメージ,,中,,,,,,,,
レヴナント,ブレイダー,4,幽爆魔弾,敵軍城壁に中ダメージ,城壁ダメージ,,中,敵軍単体に中ダメージ,ダメージ,単体,中,,,,,,,,
アビサルスリンガー,ブレイダー,3,冥府魂殺,敵軍単体に大ダメージ,ダメージ,単体,大,フォース減少(中),フォース,減少,中,,,,,,,,
スケルトンメイジ,ブレイダー,3,恨骸の呪撃,敵軍単体に微ダメージ,ダメージ,単体,微,敵軍単体に麻痺付与,麻痺付与,単体,,,,,,,,,
スピリット,キャスター,2,ダークネスホーリー,フォース減少(小),フォース,減少,小,自軍城壁拡張(小),城壁拡張,,小,,,,,,,,
ジャックオーランタン,デストロイヤー,4,トリックオアトリート,敵軍師団に小ダメージ,ダメージ,師団,小,フォース吸収(中),フォース,吸収,中,,,,,,,,
ドゥームメイジ,キャスター,3,ゴーストミスト,敵軍全師団攻撃値ダウン(１０％),攻撃値,ダウン,１０％,敵軍全師団防御値ダウン(１０％),防御値,ダウン,１０％,,,,,,,,
ホーンテッドハウス,ガーダー,4,千客万来,バリア効果(中),バリア,,中,自軍城壁拡張(中),城壁拡張,,中,,,,,,,,
カーフ＝デヴリス,ランサー,5,呪いの単眼,敵軍一列に小ダメージ,ダメージ,一列,小,敵軍一列に呪い付与,呪い付与,一列,,,,,,,,,
ワイトクイーン,キャスター,4,亡者の舞踏会,フォース吸収(大),フォース,吸収,大,敵軍単体に麻痺付与,麻痺付与,単体,,,,,,,,,
リッチ,ヒーラー,5,ホーンテッドダンス,自軍１師団蘇生(中),蘇生,師団,中,自軍全師団知力値アップ(２０％),知力値,アップ,２０％,,,,,,,,
レウケーアデプト,ヒーラー,4,妄信の祈祷,自軍１師団蘇生(小),蘇生,師団,小,フォース吸収(小),フォース,吸収,小,,,,,,,,
死神司録,デストロイヤー,4,煉獄祐筆,敵軍全体に微ダメージ,ダメージ,全体,微,フォース減少(大),フォース,減少,大,,,,,,,,
ユーフォルビア,ヒーラー,5,アスフォデルの果実,自軍全師団蘇生(微),蘇生,全師団,微,バリア効果(大),バリア,,大,,,,,,,,
アビサルロウヤー,ランサー,3,冥界六法,敵軍一列に微ダメージ,ダメージ,一列,微,敵軍一列に封印付与,封印付与,一列,,,,,,,,,
スケルトン,ブレイダー,1,骸骨剣・サミダレ,敵軍単体に微ダメージ,ダメージ,単体,微,,,,,,,,,,,,
レッドスケルトン,ブレイダー,2,骸骨剣・ジュオン,敵軍単体に小ダメージ,ダメージ,単体,小,自軍全師団攻撃値アップ(５％),攻撃値,アップ,５％,,,,,,,,
フレッシュゴーレム,ブレイダー,2,アシッド・ファング,敵軍単体に小ダメージ,ダメージ,単体,小,敵軍単体に毒化付与(１０％),毒化付与,単体,１０％,,,,,,,,
デュラハン,ガーダー,3,ブラッドチャージ,バリア効果(小),バリア,,小,フォース増加(小),フォース,増加,小,,,,,,,,
アイアンメイデン,ブレイダー,2,デスハッグ,敵軍単体に小ダメージ,ダメージ,単体,小,敵軍城壁に小ダメージ,城壁ダメージ,,小,,,,,,,,
パテラ＝デヴリス,ガーダー,3,膝骨突進,自軍城壁拡張(中),城壁拡張,,中,自軍全師団防御値アップ(２０％),防御値,アップ,２０％,,,,,,,,
ノスフェラトゥ,ヒーラー,4,不死者の祝宴,自軍１師団回復(小),回復,師団,小,バリア効果(中),バリア,,中,,,,,,,,
ベルセルク,ランサー,3,GUGAAAAA,敵軍一列に中ダメージ,ダメージ,一列,中,,,,,,,,,,,,
レウケーナイト,ガーダー,3,妄信の堅守,バリア効果(中),バリア,,中,自軍全師団防御値アップ(１０％),防御値,アップ,１０％,自軍１師団回復(微),回復,師団,微,,,,
ドラゴンゾンビ,キャスター,4,腐敗のブレス,敵軍一列に毒化付与(２０％),毒化付与,一列,２０％,敵軍城壁に中ダメージ,城壁ダメージ,,中,,,,,,,,
アビサルプリズナー,ガーダー,3,冥府獄壁,バリア効果(大),バリア,,大,フォース増加(小),フォース,増加,小,,,,,,,,
ペルヴィス＝デヴリス,ガーダー,4,骨塊防壁,自軍城壁拡張(大),城壁拡張,,大,自軍全師団防御値アップ(１０％),防御値,アップ,１０％,,,,,,,,
ゾンビメイデン,ヒーラー,3,デッドリースキン,自軍１師団蘇生(微),蘇生,師団,微,バリア効果(微),バリア,,微,,,,,,,,
ダークストーカー,ランサー,3,シャドウ・スタッブ,敵軍一列に微ダメージ,ダメージ,一列,微,敵軍一列に毒化付与(１０％),毒化付与,一列,１０％,,,,,,,,
ボーングラップラー,ブレイダー,4,粉骨爆散拳,敵軍単体に中ダメージ,ダメージ,単体,中,自軍全師団攻撃値アップ(１５％),攻撃値,アップ,１５％,自軍全師団防御値アップ(１５％),防御値,アップ,１５％,,,,
マンイーター,ランサー,3,人喰い乱舞,敵軍一列に微ダメージ,ダメージ,一列,微,フォース吸収(小),フォース,吸収,小,,,,,,,,
ニトロマンサー,デストロイヤー,4,スカルバースト,敵軍全体に微ダメージ,ダメージ,全体,微,フォース減少(小),フォース,減少,小,,,,,,,,
ヴァンパイアロード,ヒーラー,4,吸血エロティシズム,自軍１師団回復(小),回復,師団,小,フォース吸収(中),フォース,吸収,中,,,,,,,,
イビルボマー,デストロイヤー,5,リトル・リトル・ヘル,敵軍師団に小ダメージ,ダメージ,師団,小,,,,,,,,,,,,
ゴーストシップ,キャスター,3,亡者船団,敵軍全師団攻撃値ダウン(１０％),攻撃値,ダウン,１０％,敵軍城壁に中ダメージ,城壁ダメージ,,中,,,,,,,,
武侠屍騎,ランサー,3,斬撃葬送,敵軍一列に大ダメージ,ダメージ,一列,大,,,,,,,,,,,,
ボーンドラゴン,ランサー,4,骨竜コンビネーション,敵軍一列に中ダメージ,ダメージ,一列,中,敵軍全師団知力値ダウン(２０％),知力値,ダウン,２０％,,,,,,,,
ティルス＝デヴリス,ランサー,4,踝骨の衝撃,敵軍一列に中ダメージ,ダメージ,一列,中,敵軍城壁に小ダメージ,城壁ダメージ,,小,,,,,,,,
アビサルデューク,デストロイヤー,3,獄鬼壊乱,敵軍全体に小ダメージ,ダメージ,全体,小,敵軍城壁に大ダメージ,城壁ダメージ,,大,,,,,,,,
クレニウム＝デヴリス,キャスター,5,竜骸暴威,敵軍一列に呪い付与,呪い付与,一列,,敵軍一列に解除付与,解除付与,一列,,,,,,,,,
ゾンビコック,ヒーラー,3,ゾンビ定食弁当…デス,自軍１師団蘇生(微),蘇生,師団,微,自軍全師団防御値アップ(５％),防御値,アップ,５％,,,,,,,,
屍巫女,ヒーラー,4,呪怨・血塗られの御霊,自軍１師団回復(小),回復,師団,小,フォース吸収(中),フォース,吸収,中,,,,,,,,
ウルナ＝デヴリス,ヒーラー,3,竜骨女の呪い,自軍１師団回復(小),回復,師団,小,フォース増加(微),フォース,増加,微,,,,,,,,
ノーライフキング,ヒーラー,4,亡者楽園,自軍１師団蘇生(中),蘇生,師団,中,敵軍単体に毒化付与(１５％),毒化付与,単体,１５％,,,,,,,,
ドゥームプリンセス,ヒーラー,5,グラッジヒール,自軍１師団回復(小),回復,師団,小,敵軍全師団全能力値ダウン(１０％),全能力値,ダウン,１０％,,,,,,,,
アビサルフィロソファ,ヒーラー,3,冥界の哲理,自軍１師団蘇生(小),蘇生,師団,小,フォース吸収(小),フォース,吸収,小,,,,,,,,
閻魔厨師,ヒーラー,4,地獄満願全席,自軍１師団回復(大),回復,師団,大,フォース増加(中),フォース,増加,中,,,,,,,,
プロセルピナ,ヒーラー,5,冥界姫の笑み,自軍１師団蘇生(中),蘇生,師団,中,自軍全師団防御値アップ(２０％),防御値,アップ,２０％,,,,,,,,
スライム,ブレイダー,1,スライムアタック,敵軍単体に微ダメージ,ダメージ,単体,微,,,,,,,,,,,,
スクラップイーター,ブレイダー,2,プラグショック,敵軍単体に微ダメージ,ダメージ,単体,微,敵軍単体に麻痺付与,麻痺付与,単体,,,,,,,,,
エーテルブレイダー,ブレイダー,2,ライツセイバー,敵軍単体に小ダメージ,ダメージ,単体,小,自軍全師団攻撃値アップ(１０％),攻撃値,アップ,１０％,,,,,,,,
キラードール,ブレイダー,2,惨殺剣,敵軍単体に小ダメージ,ダメージ,単体,小,敵軍全師団防御値ダウン(５％),防御値,ダウン,５％,,,,,,,,
レイスソルダート,ブレイダー,3,ブレイクブレード,敵軍単体に中ダメージ,ダメージ,単体,中,敵軍城壁に中ダメージ,城壁ダメージ,,中,,,,,,,,
ＲＧペルセウス,ブレイダー,3,エアスライド,敵軍単体に大ダメージ,ダメージ,単体,大,,,,,,,,,,,,
フォージアルカンジェ,ブレイダー,2,フォージナイフ,敵軍単体に微ダメージ,ダメージ,単体,微,敵軍全師団防御値ダウン(５％),防御値,ダウン,５％,,,,,,,,
デモンドール,ブレイダー,3,惨殺乱舞剣,敵軍単体に中ダメージ,ダメージ,単体,中,敵軍全師団速度値ダウン(１５％),速度値,ダウン,１５％,,,,,,,,
ファルスアルカンジェ,ブレイダー,2,ファルスナイフ,敵軍単体に微ダメージ,ダメージ,単体,微,敵軍全師団防御値ダウン(１０％),防御値,ダウン,１０％,,,,,,,,
スサノオ,ブレイダー,4,天叢雲剣,敵軍単体に大ダメージ,ダメージ,単体,大,敵軍城壁に大ダメージ,城壁ダメージ,,大,,,,,,,,
エーテルランサー,ブレイダー,2,ブラッドスクライド,敵軍単体に小ダメージ,ダメージ,単体,小,自軍全師団速度値アップ(１５％),速度値,アップ,１５％,,,,,,,,
ミミック,ブレイダー,2,キラキラボンバー,敵軍単体に小ダメージ,ダメージ,単体,小,フォース増加(中),フォース,増加,中,,,,,,,,
ゼラチナスキューブ,ヒーラー,4,勇者の嫁,自軍１師団回復(小),回復,師団,小,自軍全師団攻撃値アップ(１５％),攻撃値,アップ,１５％,,,,,,,,
レイスライダー,ブレイダー,3,ライジング・デュエル,敵軍単体に中ダメージ,ダメージ,単体,中,敵軍城壁に中ダメージ,城壁ダメージ,,中,,,,,,,,
スケアクロウ・マータ,ランサー,3,ファーミング・デイ,敵軍一列に小ダメージ,ダメージ,一列,小,バリア効果(中),バリア,,中,,,,,,,,
マシンドラゴン,ガーダー,4,ドラゴニックギア,バリア効果(大),バリア,,大,自軍城壁拡張(大),城壁拡張,,大,自軍全師団攻撃値アップ(２０％),攻撃値,アップ,２０％,,,,
フォージガルガリン,ランサー,3,フォージガルガル,敵軍一列に小ダメージ,ダメージ,一列,小,自軍全師団攻撃値アップ(１５％),攻撃値,アップ,１５％,,,,,,,,
ファルスガルガリン,ランサー,3,ファルスガルガル,敵軍一列に中ダメージ,ダメージ,一列,中,敵軍全師団攻撃値ダウン(２０％),攻撃値,ダウン,２０％,,,,,,,,
マザーミミック,ブレイダー,4,キラキラバーン,敵軍単体に大ダメージ,ダメージ,単体,大,フォース増加(中),フォース,増加,中,,,,,,,,
ポンコツメイド,キャスター,1,ヤンスビーム,敵軍全師団知力値ダウン(５％),知力値,ダウン,５％,敵軍城壁に微ダメージ,城壁ダメージ,,微,,,,,,,,
パペットガンナー,ランサー,3,人形兵隊斉射,敵軍一列に微ダメージ,ダメージ,一列,微,敵軍全師団攻撃値ダウン(１０％),攻撃値,ダウン,１０％,,,,,,,,
エーテルガンナー,ブレイダー,2,ロックオンスナイプ,敵軍単体に小ダメージ,ダメージ,単体,小,敵軍城壁に小ダメージ,城壁ダメージ,,小,,,,,,,,
エーテルアサルト,ランサー,2,ブレイブアサルト,敵軍一列に微ダメージ,ダメージ,一列,微,敵軍全師団防御値ダウン(１０％),防御値,ダウン,１０％,,,,,,,,
メルカバ,ランサー,3,ロケット・ランチャー,敵軍一列に小ダメージ,ダメージ,一列,小,,,,,,,,,,,,
キリングメイド,ブレイダー,3,スリーストライク,敵軍単体に中ダメージ,ダメージ,単体,中,敵軍城壁に中ダメージ,城壁ダメージ,,中,敵軍全師団攻撃値ダウン(１０％),攻撃値,ダウン,１０％,,,,
フラットボディ,ブレイダー,3,ひんぬープレス,敵軍単体に小ダメージ,ダメージ,単体,小,敵軍単体に魅了付与,魅了付与,単体,,,,,,,,,
エーテルモノリス,キャスター,4,スキャニングコール,自軍全師団全能力値アップ(１５％),全能力値,アップ,１５％,敵軍全師団全能力値ダウン(１５％),全能力値,ダウン,１５％,,,,,,,,
ブラッドガンナー,ランサー,3,ヘッドショット,敵軍一列に中ダメージ,ダメージ,一列,中,敵軍全師団攻撃値ダウン(１５％),攻撃値,ダウン,１５％,,,,,,,,
ＲＧアタランテ,ブレイダー,4,ロックオンスナイプ,敵軍単体に中ダメージ,ダメージ,単体,中,敵軍全師団防御値ダウン(１０％),防御値,ダウン,１０％,敵軍全師団速度値ダウン(１０％),速度値,ダウン,１０％,,,,
魔装機竜兵,ブレイダー,5,オーバーダイブ,敵軍単体に大ダメージ,ダメージ,単体,大,自軍全師団攻撃値アップ(２５％),攻撃値,アップ,２５％,,,,,,,,
フォージセラフ,デストロイヤー,5,イグニション・レイ,敵軍全体に微ダメージ,ダメージ,全体,微,敵軍全師団全能力値ダウン(１０％),全能力値,ダウン,１０％,敵軍城壁に中ダメージ,城壁ダメージ,,中,,,,
ファルスセラフ,デストロイヤー,5,イグニション・ダーク,敵軍全体に小ダメージ,ダメージ,全体,小,敵軍全師団全能力値ダウン(１５％),全能力値,ダウン,１５％,敵軍城壁に大ダメージ,城壁ダメージ,,大,,,,
スライムレディ,ブレイダー,2,スライム鉄砲,敵軍単体に小ダメージ,ダメージ,単体,小,敵軍城壁に小ダメージ,城壁ダメージ,,小,,,,,,,,
ネガフレイム,キャスター,4,炎と氷の賭場,フォース吸収(中),フォース,吸収,中,敵軍全師団知力値ダウン(２０％),知力値,ダウン,２０％,,,,,,,,
パペットメイジ,ランサー,3,魔法の石礫,敵軍一列に微ダメージ,ダメージ,一列,微,敵軍全師団攻撃値ダウン(１０％),攻撃値,ダウン,１０％,,,,,,,,
パペットマスター,キャスター,2,マリオネットダンス,フォース減少(微),フォース,減少,微,敵軍全師団知力値ダウン(１０％),知力値,ダウン,１０％,,,,,,,,
レイスマギア,ブレイダー,3,レイスバレット,敵軍単体に中ダメージ,ダメージ,単体,中,フォース増加(中),フォース,増加,中,,,,,,,,
スライムクイーン,デストロイヤー,4,スライム爆弾,敵軍師団に微ダメージ,ダメージ,師団,微,敵軍城壁に中ダメージ,城壁ダメージ,,中,,,,,,,,
ドッペルゲンガー,ヒーラー,2,擬態撹乱,自軍１師団蘇生(微),蘇生,師団,微,,,,,,,,,,,,
エンブリオジェネラル,ヒーラー,5,パーフェクトコマンド,自軍１師団回復(小),回復,師団,小,自軍全師団全能力値アップ(１５％),全能力値,アップ,１５％,,,,,,,,
ブラッドメイジ,ランサー,3,呪いの石礫,敵軍一列に小ダメージ,ダメージ,一列,小,敵軍全師団攻撃値ダウン(１５％),攻撃値,ダウン,１５％,敵軍一列に呪い付与,呪い付与,一列,,,,,
パンドラ,キャスター,5,ミリオン・ミザリィー,敵軍全師団全能力値ダウン(２０％),全能力値,ダウン,２０％,,,,,,,,,,,,
フォージエクスシア,ブレイダー,4,造天使の償い,敵軍単体に中ダメージ,ダメージ,単体,中,敵軍単体に封印付与,封印付与,単体,,バリア効果(中),バリア,,中,,,,
ファルスエクスシア,ブレイダー,4,虚構の償い,敵軍単体に大ダメージ,ダメージ,単体,大,敵軍単体に封印付与,封印付与,単体,,バリア効果(大),バリア,,大,,,,
ガーゴイル,ブレイダー,2,石体落とし,敵軍単体に微ダメージ,ダメージ,単体,微,バリア効果(微),バリア,,微,,,,,,,,
人喰いボックス,ブレイダー,2,不意打ちガブリ,敵軍単体に小ダメージ,ダメージ,単体,小,,,,,,,,,,,,
ロックマン,ブレイダー,3,ロツクバスター,敵軍単体に中ダメージ,ダメージ,単体,中,,,,,,,,,,,,
パペットナイト,ガーダー,3,人形の防衛ライン,バリア効果(小),バリア,,小,自軍城壁拡張(小),城壁拡張,,小,,,,,,,,
ストーンフォートレス,ガーダー,4,ストーンウォール,バリア効果(中),バリア,,中,自軍城壁拡張(大),城壁拡張,,大,,,,,,,,
カーバンクルナイト,ガーダー,2,ガーネット・フォウム,バリア効果(小),バリア,,小,,,,,,,,,,,,
エーテルガード,ガーダー,3,シャットアウトガード,バリア効果(小),バリア,,小,自軍城壁拡張(小),城壁拡張,,小,,,,,,,,
アイススタチュー,ガーダー,3,氷大外刈,敵軍単体に小ダメージ,ダメージ,単体,小,バリア効果(小),バリア,,小,,,,,,,,
石棺兵,ガーダー,3,石壁の戦い,バリア効果(小),バリア,,小,自軍城壁拡張(小),城壁拡張,,小,,,,,,,,
レイスガード,ガーダー,3,レイスフィールド,バリア効果(小),バリア,,小,自軍全師団防御値アップ(１０％),防御値,アップ,１０％,,,,,,,,
フェイクウォール,ランサー,3,ウォールプレス,敵軍一列に小ダメージ,ダメージ,一列,小,,,,,,,,,,,,
アトレウス,キャスター,5,強欲なる怒り,自軍全師団人間特攻付与(１),人,,1,自軍全師団全能力値アップ(１５％),全能力値,アップ,１５％,,,,,,,,
オリハルコンマン,ブレイダー,4,ＳＳパンチ,自軍城壁拡張(大),城壁拡張,,大,敵軍単体に大ダメージ,ダメージ,単体,大,,,,,,,,
ブラッドナイト,ヒーラー,4,血染めの防衛ライン,バリア効果(中),バリア,,中,自軍城壁拡張(大),城壁拡張,,大,自軍１師団蘇生(微),蘇生,師団,微,,,,
ＲＧヘラクレス,ランサー,5,パワースラッシュ,敵軍一列に中ダメージ,ダメージ,一列,中,敵軍城壁に大ダメージ,城壁ダメージ,,大,,,,,,,,
イズン,ガーダー,3,防衛システム起動,バリア効果(大)+自軍全師団防御値アップ(２５％),バリア,,大,,,,,,,,,,,,
フォージデュナミス,ガーダー,3,エネルゲイア,バリア効果(中),バリア,,中,フォース吸収(小),フォース,吸収,小,,,,,,,,
ファルスデュナミス,ガーダー,3,エンテレケイア,バリア効果(大),バリア,,大,フォース吸収(中),フォース,吸収,中,,,,,,,,
リビングスタチュー,ブレイダー,3,岩内股,敵軍単体に小ダメージ,ダメージ,単体,小,バリア効果(小),バリア,,小,,,,,,,,
センチュリオン,ブレイダー,3,ヘヴィ・ナックル,敵軍単体に中ダメージ,ダメージ,単体,中,,,,,,,,,,,,
ブラッドマータ,ランサー,3,拘束ナブリ,敵軍一列に小ダメージ,ダメージ,一列,小,,,,,,,,,,,,
セキュリティロボ,ランサー,3,迎撃モード移行,敵軍一列に微ダメージ,ダメージ,一列,微,自軍全師団攻撃値アップ(１０％),攻撃値,アップ,１０％,自軍全師団防御値アップ(１０％),防御値,アップ,１０％,,,,
パペッティア,ランサー,4,ネックブリーカーボム,敵軍一列に中ダメージ,ダメージ,一列,中,,,,,,,,,,,,
マグマゴーレム,ブレイダー,3,スプラッシュパンチ,敵軍単体に中ダメージ,ダメージ,単体,中,敵軍城壁に小ダメージ,城壁ダメージ,,小,,,,,,,,
ミミックバーガー,ブレイダー,3,ケチャップドバドバ,敵軍単体に小ダメージ,ダメージ,単体,小,自軍全師団攻撃値アップ(１０％),攻撃値,アップ,１０％,,,,,,,,
マシンサウルス,ランサー,5,タイタニックビート,敵軍一列に大ダメージ,ダメージ,一列,大,自軍全師団攻撃値アップ(１０％),攻撃値,アップ,１０％,,,,,,,,
ヨトゥンベルグ,デストロイヤー,5,魔導巨像の剛拳,敵軍全体に中ダメージ,ダメージ,全体,中,敵軍全師団防御値ダウン(１０％),防御値,ダウン,１０％,敵軍城壁に小ダメージ,城壁ダメージ,,小,,,,
エンブリオアドミラル,キャスター,5,ウルティマコマンド,敵軍城壁に中ダメージ,城壁ダメージ,,中,自軍全師団全能力値アップ(２０％),全能力値,アップ,２０％,,,,,,,,
フォージケルビム,キャスター,3,事象改変,敵軍全師団全能力値ダウン(１５％),全能力値,ダウン,１５％,敵軍城壁に中ダメージ,城壁ダメージ,,中,,,,,,,,
ブラッドモナーク,デストロイヤー,5,呪怨巨像の壊拳,敵軍全体に大ダメージ,ダメージ,全体,大,敵軍全師団防御値ダウン(１５％),防御値,ダウン,１５％,敵軍城壁に大ダメージ,城壁ダメージ,,大,,,,
ファルスケルビム,キャスター,3,次元改変,敵軍単体に停止付与,停止付与,単体,,敵軍全師団全能力値ダウン(１５％),全能力値,ダウン,１５％,敵軍城壁に中ダメージ,城壁ダメージ,,中,,,,
アルカイックドラゴン,デストロイヤー,5,アルカイックバースト,敵軍城壁に大ダメージ,城壁ダメージ,,大,敵軍師団に中ダメージ,ダメージ,師団,中,,,,,,,,
エーテルウィスプ,ヒーラー,2,エーテリア・ヒール,自軍１師団回復(微),回復,師団,微,自軍全師団知力値アップ(１０％),知力値,アップ,１０％,,,,,,,,
ラビリンシー,ヒーラー,2,小人の迷宮保善活動,自軍１師団回復(微),回復,師団,微,自軍城壁拡張(小),城壁拡張,,小,,,,,,,,
アルケフェアリー,ガーダー,3,ビットバリア,バリア効果(小),バリア,,小,自軍全師団知力値アップ(１５％),知力値,アップ,１５％,,,,,,,,
ヤーボドラゴン,ガーダー,3,プロテクトバリア,バリア効果(小),バリア,,小,自軍全師団攻撃値アップ(５％),攻撃値,アップ,５％,自軍全師団速度値アップ(５％),速度値,アップ,５％,,,,
クッキングママ,ヒーラー,3,クッキングスタート,自軍１師団回復(小),回復,師団,小,フォース増加(中),フォース,増加,中,,,,,,,,
キャンディハウス,ヒーラー,3,スウィートホーム,自軍１師団回復(小),回復,師団,小,バリア効果(小),バリア,,小,,,,,,,,
フォージドミニオン,ヒーラー,3,フォージ・プロトコル,自軍１師団回復(中),回復,師団,中,自軍全師団全能力値アップ(５％),全能力値,アップ,５％,,,,,,,,
ファルスドミニオン,ヒーラー,3,ファルス・プロトコル,自軍１師団回復(中),回復,師団,中,自軍全師団全能力値アップ(１０％),全能力値,アップ,１０％,,,,,,,,
ドラゴンパピー,ブレイダー,1,ミニファイア,敵軍単体に微ダメージ,ダメージ,単体,微,自軍全師団速度値アップ(５％),速度値,アップ,５％,,,,,,,,
ドルガンソルジャー,ブレイダー,2,地竜疾駆,敵軍単体に小ダメージ,ダメージ,単体,小,敵軍城壁に小ダメージ,城壁ダメージ,,小,,,,,,,,
ウィルムセイバー,ブレイダー,2,ドラゴンソニック,敵軍単体に小ダメージ,ダメージ,単体,小,自軍全師団速度値アップ(１０％),速度値,アップ,１０％,,,,,,,,
アクアドラゴン,ブレイダー,3,アクアクロー,敵軍単体に中ダメージ,ダメージ,単体,中,自軍全師団知力値アップ(１５％),知力値,アップ,１５％,,,,,,,,
ブネ,ブレイダー,3,ハイスラァ,敵軍単体に中ダメージ,ダメージ,単体,中,敵軍城壁に中ダメージ,城壁ダメージ,,中,,,,,,,,
フェザーナイト,ブレイダー,2,ホークアサルト,敵軍単体に小ダメージ,ダメージ,単体,小,自軍全師団速度値アップ(１０％),速度値,アップ,１０％,,,,,,,,
華竜刀士,ブレイダー,2,桜花斬刃,敵軍単体に中ダメージ,ダメージ,単体,中,自軍全師団攻撃値アップ(５％),攻撃値,アップ,５％,,,,,,,,
華竜忍者,キャスター,3,空蝉影分身の術,敵軍全師団攻撃値ダウン(１０％),攻撃値,ダウン,１０％,敵軍全師団防御値ダウン(１０％),防御値,ダウン,１０％,敵軍全師団速度値ダウン(１０％),速度値,ダウン,１０％,,,,
クリスタルドラゴン,ヒーラー,4,竜水晶の輝き,自軍１師団回復(小),回復,師団,小,自軍師団の状態異常を回復,状態異常回復,,,自軍師団に１ターン絶対治療付与,絶対治療付与,,,,,,
海原の古竜,ランサー,4,アクアブレス,敵軍一列に中ダメージ,ダメージ,一列,中,自軍全師団知力値アップ(２０％),知力値,アップ,２０％,,,,,,,,
ウルクナイト,ランサー,3,ドラゴンクロス,敵軍一列に中ダメージ,ダメージ,一列,中,,,,,,,,,,,,
ウロボロス,キャスター,5,インフィニティ,敵軍一列に停止付与,停止付与,一列,,,,,,,,,,,,,
ドラゴニュート,ブレイダー,3,滑空槍撃,敵軍単体に小ダメージ,ダメージ,単体,小,敵軍全師団防御値ダウン(１０％),防御値,ダウン,１０％,,,,,,,,
ファイアドラゴン,ブレイダー,3,火竜爪,敵軍単体に中ダメージ,ダメージ,単体,中,自軍全師団攻撃値アップ(１０％),攻撃値,アップ,１０％,,,,,,,,
サラマンダー,ランサー,4,ファイアーブレス,敵軍一列に中ダメージ,ダメージ,一列,中,自軍全師団攻撃値アップ(５％),攻撃値,アップ,５％,,,,,,,,
ウィルムジェネラル,キャスター,4,殲滅陣形・天の型,敵軍城壁に大ダメージ,城壁ダメージ,,大,自軍全師団攻撃値アップ(２０％),攻撃値,アップ,２０％,自軍全師団速度値アップ(２５％),速度値,アップ,２５％,,,,
シルバードラゴン,ランサー,5,銀の竜風,敵軍一列に大ダメージ,ダメージ,一列,大,フォース減少(大),フォース,減少,大,,,,,,,,
煉獄の古竜,ランサー,4,ファイアブレス,敵軍一列に中ダメージ,ダメージ,一列,中,自軍全師団攻撃値アップ(１５％),攻撃値,アップ,１５％,,,,,,,,
華竜騎士,ブレイダー,3,早駆け,敵軍単体に中ダメージ,ダメージ,単体,中,自軍全師団攻撃値アップ(５％),攻撃値,アップ,５％,自軍全師団速度値アップ(５％),速度値,アップ,５％,,,,
ジャバウォック,ランサー,5,ブラッドクロウ,敵軍一列に中ダメージ,ダメージ,一列,中,敵軍全師団防御値ダウン(１５％),防御値,ダウン,１５％,敵軍全師団知力値ダウン(１５％),知力値,ダウン,１５％,,,,
邪竜ワイアーム,ランサー,4,漆黒の竜尾撃,敵軍一列に中ダメージ,ダメージ,一列,中,自軍１師団回復(中),回復,師団,中,敵軍一列に毒化付与(１５％),毒化付与,一列,１５％,,,,
ドルガンメイジ,ランサー,3,ウイングマジック,敵軍一列に小ダメージ,ダメージ,一列,小,自軍全師団知力値アップ(１５％),知力値,アップ,１５％,,,,,,,,
ストームドラゴン,ブレイダー,3,ドラゴンダイブ,敵軍単体に中ダメージ,ダメージ,単体,中,自軍全師団速度値アップ(１５％),速度値,アップ,１５％,,,,,,,,
フェザーサジタリス,ランサー,3,フェザーアロー,敵軍一列に微ダメージ,ダメージ,一列,微,敵軍全師団速度値ダウン(１０％),速度値,ダウン,１０％,,,,,,,,
華竜弓士,ブレイダー,3,射貫き,敵軍単体に中ダメージ,ダメージ,単体,中,フォース減少(小),フォース,減少,小,,,,,,,,
大嵐の古竜,ランサー,4,ストームスラッシュ,敵軍一列に中ダメージ,ダメージ,一列,中,自軍全師団速度値アップ(２０％),速度値,アップ,２０％,,,,,,,,
ウルクエンフォーサー,ブレイダー,3,エクスキューション,敵軍単体に中ダメージ,ダメージ,単体,中,敵軍単体に封印付与,封印付与,単体,,,,,,,,,
邪竜プーク,ランサー,4,呪竜の吸血牙,敵軍一列に中ダメージ,ダメージ,一列,中,自軍１師団回復(小),回復,師団,小,,,,,,,,
アイアタル,キャスター,5,絶対零度ブレス,敵軍一列に凍結付与,凍結付与,一列,,,,,,,,,,,,,
コロッサルドラゴン,デストロイヤー,5,エスピリト・カノン,敵軍師団に中ダメージ,ダメージ,師団,中,敵軍城壁に小ダメージ,城壁ダメージ,,小,,,,,,,,
ビッグバンドラゴン,デストロイヤー,5,ビッグバン・カノン,敵軍城壁に中ダメージ,城壁ダメージ,,中,敵軍師団に中ダメージ,ダメージ,師団,中,,,,,,,,
ウィルムドルイド,ランサー,3,ファイアストーム,敵軍一列に小ダメージ,ダメージ,一列,小,,,,,,,,,,,,
ウィルムサマナー,ランサー,3,サモン・ドラゴン,敵軍一列に小ダメージ,ダメージ,一列,小,自軍全師団知力値アップ(１０％),知力値,アップ,１０％,,,,,,,,
フェザーミディアム,ランサー,3,ウィンドブラスト,敵軍一列に微ダメージ,ダメージ,一列,微,敵軍城壁に小ダメージ,城壁ダメージ,,小,,,,,,,,
ドラゴンウィザード,ガーダー,3,ミーミスブルン,バリア効果(中),バリア,,中,自軍全師団知力値アップ(２０％),知力値,アップ,２０％,,,,,,,,
ドラゴンウィッチ,ランサー,4,アイスストーム,敵軍一列に小ダメージ,ダメージ,一列,小,敵軍全師団知力値ダウン(２０％),知力値,ダウン,２０％,,,,,,,,
華竜術士,キャスター,4,冥道霊符陣,敵軍一列に呪い付与,呪い付与,一列,,敵軍全師団全能力値ダウン(５％),全能力値,ダウン,５％,,,,,,,,
ファントムドラゴン,デストロイヤー,5,ソウルハウル,敵軍師団に大ダメージ,ダメージ,師団,大,,,,,,,,,,,,
ドラゴンソウル,ブレイダー,4,竜炎業火,敵軍単体に大ダメージ,ダメージ,単体,大,フォース増加(大),フォース,増加,大,,,,,,,,
虹竜イピリア,ヒーラー,3,豊穣の大雨,自軍師団の状態異常を回復,状態異常回復,,,自軍師団に１ターン絶対治療付与,絶対治療付与,,,自軍１師団回復(中),回復,師団,中,,,,
シーサーペント,ランサー,3,サーペントブレス,敵軍一列に微ダメージ,ダメージ,一列,微,自軍城壁拡張(小),城壁拡張,,小,,,,,,,,
マグマサーペント,ランサー,3,マグマブレス,敵軍一列に微ダメージ,ダメージ,一列,微,自軍城壁拡張(小),城壁拡張,,小,,,,,,,,
ウィルムルーク,ガーダー,4,ドラゴンブロッカー,バリア効果(中),バリア,,中,フォース増加(中),フォース,増加,中,,,,,,,,
アースドラゴン,ブレイダー,3,ドラゴンズロック,敵軍単体に中ダメージ,ダメージ,単体,中,自軍全師団防御値アップ(１０％),防御値,アップ,１０％,,,,,,,,
ガストサーペント,ランサー,4,ガストブレス,敵軍一列に小ダメージ,ダメージ,一列,小,敵軍一列に毒化付与(１５％),毒化付与,一列,１５％,,,,,,,,
ドラゴンシールダー,キャスター,2,アーマーガード,自軍全師団防御値アップ(１０％),防御値,アップ,１０％,フォース増加(微),フォース,増加,微,,,,,,,,
アーマードラゴン,キャスター,4,岩竜ガード,フォース増加(大),フォース,増加,大,自軍城壁拡張(大),城壁拡張,,大,,,,,,,,
岩窟の古竜,ランサー,4,アースランス,敵軍一列に中ダメージ,ダメージ,一列,中,自軍全師団防御値アップ(１５％),防御値,アップ,１５％,,,,,,,,
腐竜タランタシオ,ランサー,4,腐毒ブレス,敵軍一列に中ダメージ;;敵軍一列に毒化付与(２０％),ダメージ,一列,中,,,,,,,,,,,,
ウルクジェネラル,キャスター,4,竜将軍の叱咤,自軍師団の状態異常を回復,状態異常回復,,,自軍師団に１ターン絶対治療付与,絶対治療付与,,,自軍全師団全能力値アップ(１０％),全能力値,アップ,１０％,,,,
ワイバーン,ランサー,4,翼竜爪,敵軍一列に中ダメージ,ダメージ,一列,中,自軍全師団速度値アップ(１０％),速度値,アップ,１０％,,,,,,,,
ダークドラゴン,ブレイダー,4,シャドウイーター,敵軍単体に中ダメージ,ダメージ,単体,中,自軍全師団全能力値アップ(１０％),全能力値,アップ,１０％,,,,,,,,
レイクヒュドラ,ヒーラー,5,竜血再生,自軍１師団回復(大),回復,師団,大,自軍全師団防御値アップ(１５％),防御値,アップ,１５％,,,,,,,,
ドラゴンアルケミスト,キャスター,3,ケミカルパライズ,敵軍単体に麻痺付与,麻痺付与,単体,,敵軍全師団速度値ダウン(１０％),速度値,ダウン,１０％,,,,,,,,
ゴールドドラゴン,ランサー,5,金の竜爪,敵軍一列に大ダメージ,ダメージ,一列,大,フォース減少(大),フォース,減少,大,,,,,,,,
深淵の古竜,デストロイヤー,5,アビスロア,敵軍師団に中ダメージ,ダメージ,師団,中,フォース吸収(中),フォース,吸収,中,,,,,,,,
ドラゴンパニッシャー,ブレイダー,3,パニッシュメント,敵軍単体に中ダメージ,ダメージ,単体,中,敵軍単体に封印付与,封印付与,単体,,,,,,,,,
アビスヒュドラ,ランサー,5,アビッサル・バイト,敵軍一列に大ダメージ,ダメージ,一列,大,フォース増加(大),フォース,増加,大,,,,,,,,
ガルグイユ,ヒーラー,5,宝玉の輝き,自軍師団の状態異常を回復,状態異常回復,,,自軍師団に１ターン絶対治療付与,絶対治療付与,,,自軍全師団全能力値アップ(２０％),全能力値,アップ,２０％,,,,
覇竜ミズガルズ,ランサー,5,覇竜氷結流,敵軍一列に中ダメージ,ダメージ,一列,中,敵軍一列に凍結付与,凍結付与,一列,,バリア効果(大),バリア,,大,,,,
邪竜人シルシュ,デストロイヤー,3,邪竜乱撃,敵軍全体に大ダメージ,ダメージ,全体,大,フォース吸収(大),フォース,吸収,大,,,,,,,,
ドラゴバルーン,ブレイダー,2,竜風船体当たり,敵軍単体に小ダメージ,ダメージ,単体,小,自軍全師団速度値アップ(５％),速度値,アップ,５％,,,,,,,,
ドラゴンディーバ,キャスター,2,ドラゴンマーチ,フォース増加(小),フォース,増加,小,自軍全師団攻撃値アップ(１０％),攻撃値,アップ,１０％,自軍全師団防御値アップ(１０％),防御値,アップ,１０％,,,,
龍厨師,ヒーラー,4,太陽の満漢全席,自軍１師団回復(小),回復,師団,小,自軍全師団攻撃値アップ(１５％),攻撃値,アップ,１５％,自軍全師団防御値アップ(１５％),防御値,アップ,１５％,,,,
華竜巫女,ヒーラー,3,竜神楽,自軍師団の状態異常を回復,状態異常回復,,,自軍師団に１ターン絶対治療付与,絶対治療付与,,,自軍全師団全能力値アップ(５％),全能力値,アップ,５％,,,,
ドラゴンハーピスト,ヒーラー,3,竜弦の響き,自軍師団の状態異常を回復,状態異常回復,,,自軍師団に１ターン絶対治療付与,絶対治療付与,,,自軍１師団回復(小),回復,師団,小,,,,
ウルクプリースト,ヒーラー,4,清廉なる祈り,自軍１師団回復(中),回復,師団,中,バリア効果(中),バリア,,中,,,,,,,,
祭竜ギータ,ヒーラー,4,祝祭の舞踏,自軍１師団蘇生(小),蘇生,師団,小,自軍全師団全能力値アップ(１５％),全能力値,アップ,１５％,,,,,,,,
母竜エキドナ,キャスター,4,母性解放,自軍全師団全能力値アップ(２５％),全能力値,アップ,２５％,,,,,,,,,,,,
触手,ヒーラー,2,テンタロックル,自軍１師団回復(小),回復,師団,小,敵軍全師団防御値ダウン(１０％),防御値,ダウン,１０％,,,,,,,,
異獣キャンサード,ブレイダー,2,挟む,敵軍単体に小ダメージ,ダメージ,単体,小,,,,,,,,,,,,
触主,ヒーラー,3,テンタロンリネス,自軍１師団回復(小),回復,師団,小,敵軍全師団防御値ダウン(１５％),防御値,ダウン,１５％,,,,,,,,
変異獣マリガント,ブレイダー,3,挟み砕く,敵軍単体に中ダメージ,ダメージ,単体,中,,,,,,,,,,,,
パラミシア,キャスター,4,パラサイトス,フォース吸収(大),フォース,吸収,大,敵軍単体に麻痺付与,麻痺付与,単体,,,,,,,,,
触王,ヒーラー,5,テンタロマンチスト,自軍１師団回復(大),回復,師団,大,敵軍全師団防御値ダウン(２５％),防御値,ダウン,２５％,,,,,,,,
触神,ヒーラー,5,テンタミソロジー,自軍１師団回復(大),回復,師団,大,敵軍全師団防御値ダウン(２５％),防御値,ダウン,２５％,敵軍全師団速度値ダウン(２０％),速度値,ダウン,２０％,,,,
アーキアンプレデター,ブレイダー,2,捕食性フェノメノン,敵軍単体に中ダメージ,ダメージ,単体,中,フォース吸収(小),フォース,吸収,小,,,,,,,,
ガイアスセイバー,ランサー,5,パラサイトブレイド,敵軍一列に中ダメージ+敵軍全師団防御値ダウン(３０％),ダメージ,師団,中,,,,,,,,,,,,
イボルヴプレデター,ブレイダー,3,侵略性フェノメノン,敵軍単体に大ダメージ+フォース吸収(中),ダメージ,単体,大,,,,,,,,,,,,
異獣ドベル,ランサー,3,噛みつく,敵軍一列に小ダメージ,ダメージ,一列,小,,,,,,,,,,,,
キメラホーネット,ブレイダー,3,アシッド・ピアース,敵軍単体に中ダメージ,ダメージ,単体,中,敵軍全師団防御値ダウン(１５％),防御値,ダウン,１５％,,,,,,,,
バルバ・タウロス,キャスター,3,加速する,フォース増加(小),フォース,増加,小,自軍全師団速度値アップ(２０％),速度値,アップ,２０％,自軍全師団攻撃値アップ(１５％),攻撃値,アップ,１５％,,,,
触手男爵,ヒーラー,3,テンタティータイム,自軍１師団回復(小),回復,師団,小,敵軍全師団速度値ダウン(１５％),速度値,ダウン,１５％,,,,,,,,
蟲狼竜,ブレイダー,3,食らいつく,敵軍単体に中ダメージ,ダメージ,単体,中,フォース吸収(小),フォース,吸収,小,,,,,,,,
変異獣ドグマ,ランサー,5,噛み千切る,敵軍一列に中ダメージ,ダメージ,一列,中,,,,,,,,,,,,
腐毒狼竜,ブレイダー,3,捕食,敵軍単体に大ダメージ,ダメージ,単体,大,敵軍単体に毒化付与(３０％),毒化付与,単体,３０％,,,,,,,,
鬼燐百足,ガーダー,3,玉鋼の甲殻,自軍全師団防御値アップ(２０％),防御値,アップ,２０％,バリア効果(小),バリア,,小,,,,,,,,
ランドクロウラー,ブレイダー,1,ころころタックル,敵軍単体に微ダメージ,ダメージ,単体,微,自軍城壁拡張(微),城壁拡張,,微,,,,,,,,
異獣ベヌフライ,デストロイヤー,4,嫌な羽音,敵軍師団に微ダメージ,ダメージ,師団,微,敵軍全師団攻撃値ダウン(１０％),攻撃値,ダウン,１０％,,,,,,,,
変異獣ストローワ,デストロイヤー,5,不快な羽音,敵軍師団に小ダメージ,ダメージ,師団,小,敵軍全師団攻撃値ダウン(１５％),攻撃値,ダウン,１５％,,,,,,,,
触手姫,ヒーラー,5,ビョルビョルしますわ,自軍１師団蘇生(中),蘇生,師団,中,敵軍全師団防御値ダウン(３０％),防御値,ダウン,３０％,,,,,,,,
アトラクナクア,キャスター,5,アトラク＝ナクア,自軍城壁拡張(大),城壁拡張,,大,敵軍一列に麻痺付与,麻痺付与,一列,,敵軍全師団全能力値ダウン(１０％),全能力値,ダウン,１０％,,,,
ガイアスデューク,ブレイダー,4,パラサイトバレッド,敵軍単体に大ダメージ+フォース吸収(中),ダメージ,単体,大,,,,,,,,,,,,
異獣ディムソーサ,キャスター,2,変な踊り,自軍城壁拡張(小),城壁拡張,,小,敵軍全師団知力値ダウン(１５％),知力値,ダウン,１５％,敵軍全師団攻撃値ダウン(１０％),攻撃値,ダウン,１０％,,,,
地獄蝶,ランサー,3,地獄へご招待,敵軍一列に小ダメージ,ダメージ,一列,小,フォース減少(小),フォース,減少,小,,,,,,,,
ワームクイーン,ヒーラー,2,触手医療,自軍１師団回復(微),回復,師団,微,敵軍全師団知力値ダウン(１０％),知力値,ダウン,１０％,,,,,,,,
バルバ・ストレイ,ブレイダー,3,水鉄砲,敵軍単体に中ダメージ,ダメージ,単体,中,敵軍城壁に中ダメージ,城壁ダメージ,,中,,,,,,,,
変異獣ペストール,キャスター,3,不思議な踊り,自軍城壁拡張(中),城壁拡張,,中,敵軍全師団知力値ダウン(２０％),知力値,ダウン,２０％,敵軍全師団攻撃値ダウン(１５％),攻撃値,ダウン,１５％,,,,
ダークビョルキリー,ヒーラー,4,ビョルンシュヴァルツ,自軍１師団蘇生(微),蘇生,師団,微,バリア効果(大),バリア,,大,,,,,,,,
禁獣アバドン,ランサー,5,きゃははははーーっ,敵軍一列に中ダメージ+フォース吸収(大),ダメージ,一列,中,,,,,,,,,,,,
アーキアンユニオン,キャスター,4,同化性フェノメノン,自軍全師団全能力値アップ(１０％)+敵軍全師団全能力値ダウン(１０％),全能力値,アップ,１０％,,,,,,,,,,,,
イボルヴユニオン,キャスター,5,統一性フェノメノン,自軍全師団全能力値アップ(１５％)+敵軍全師団全能力値ダウン(１５％),全能力値,アップ,１５％,,,,,,,,,,,,
異獣バグス,ランサー,2,巻き付く,敵軍一列に小ダメージ,ダメージ,一列,小,敵軍城壁に微ダメージ,城壁ダメージ,,微,,,,,,,,
ガイアスキャリア,ヒーラー,3,ブレインイーター,自軍１師団回復(小),回復,師団,小,敵軍単体に毒化付与(１０％),毒化付与,単体,１０％,,,,,,,,
バルバ・ドラグス,ブレイダー,3,ふみつけ,敵軍単体に大ダメージ,ダメージ,単体,大,,,,,,,,,,,,
変異獣ギグス,ランサー,4,激しく巻き付く,敵軍一列に中ダメージ,ダメージ,一列,中,敵軍城壁に中ダメージ,城壁ダメージ,,中,,,,,,,,
ビョルキリー,ヒーラー,5,ニュルンベルクシルト,自軍１師団回復(中),回復,師団,中,自軍全師団全能力値アップ(１５％),全能力値,アップ,１５％,,,,,,,,
アーキアングロウナー,ガーダー,3,硬化性フェノメノン,バリア効果(中),バリア,,中,自軍全師団防御値アップ(１０％),防御値,アップ,１０％,,,,,,,,
魔蝕姫マイノグーラ,デストロイヤー,5,永遠を喰らう口,敵軍師団に中ダメージ,ダメージ,師団,中,フォース吸収(大),フォース,吸収,大,,,,,,,,
イボルヴグロウナー,ガーダー,4,剛体性フェノメノン,バリア効果(中),バリア,,中,自軍全師団防御値アップ(２０％),防御値,アップ,２０％,,,,,,,,
キラービー,ブレイダー,1,今日も一日頑張るビー,敵軍単体に微ダメージ,ダメージ,単体,微,敵軍単体に毒化付与(５％),毒化付与,単体,５％,,,,,,,,
異獣プラタルス,ランサー,3,体当たり,敵軍一列に小ダメージ,ダメージ,一列,小,バリア効果(小),バリア,,小,,,,,,,,
食竜花,キャスター,3,竜族捕食,自軍全師団竜族特攻付与(１),竜,,1,フォース吸収(小),フォース,吸収,小,,,,,,,,
変異獣プラトナム,ランサー,5,全力体当たり,敵軍一列に中ダメージ,ダメージ,一列,中,バリア効果(大),バリア,,大,,,,,,,,
腐食竜花,キャスター,4,竜族毒化捕食,敵軍一列に毒化付与(１５％),毒化付与,一列,１５％,自軍全師団竜族特攻付与(１),竜,,1,フォース吸収(小),フォース,吸収,小,,,,
混沌蟲アバドン,ランサー,5,ワタシの生け贄,敵軍一列に大ダメージ+フォース吸収(大),ダメージ,一列,大,,,,,,,,,,,,
ビョクル,デストロイヤー,4,ビョッサーストライク,敵軍全体に超ダメージ,ダメージ,全体,超,敵軍城壁に特大ダメージ,城壁ダメージ,,特大,自軍全師団攻撃値アップ(２５％),攻撃値,アップ,２５％,,,,
ココペルマナ,ガーダー,2,カチナの笛,バリア効果(小),バリア,,小,自軍全師団速度値アップ(１５％),速度値,アップ,１５％,,,,,,,,
クイーンズビー,キャスター,2,私の為に働きなさい,フォース増加(小),フォース,増加,小,敵軍全師団防御値ダウン(１０％),防御値,ダウン,１０％,敵軍師団攻撃軍ダウン(１０％),エラー,エラー,エラー,,,,
ガイアスミディアム,ブレイダー,3,ブレインクラッシュ,敵軍単体に中ダメージ,ダメージ,単体,中,敵軍単体に毒化付与(１５％),毒化付与,単体,１５％,,,,,,,,
ラビリンスキーパー,ヒーラー,4,迷宮クリーニング,自軍１師団回復(大),回復,師団,大,自軍城壁拡張(中),城壁拡張,,中,,,,,,,,
ガイアスアキテクト,キャスター,5,ブレインポイズン,敵軍一列に毒化付与(２０％),毒化付与,一列,２０％,敵軍全師団攻撃値ダウン(１５％),攻撃値,ダウン,１５％,,,,,,,,
アーキアンイムニティ,ヒーラー,4,癒合性フェノメノン,自軍師団の状態異常を回復,状態異常回復,,,自軍師団に１ターン絶対治療付与,絶対治療付与,,,自軍１師団回復(中),回復,師団,中,,,,
イボルヴイムニティ,ヒーラー,5,再生性フェノメノン,自軍１師団蘇生(中),蘇生,師団,中,自軍１師団の状態異常を回復,状態異常回復,,,自軍１師団に１ターン絶対治療付与,絶対治療付与,,,,,,
ファイター,ブレイダー,2,カチ割り,敵軍単体に小ダメージ,ダメージ,単体,小,敵軍全師団防御値ダウン(５％),防御値,ダウン,５％,,,,,,,,
レディファイター,ブレイダー,2,気合の一撃,敵軍単体に小ダメージ,ダメージ,単体,小,敵軍全師団攻撃値ダウン(５％),攻撃値,ダウン,５％,,,,,,,,
侍,ブレイダー,1,正々堂々斬,敵軍単体に微ダメージ,ダメージ,単体,微,敵軍全師団攻撃値ダウン(５％),攻撃値,ダウン,５％,,,,,,,,
チャリオット,ランサー,3,ひき逃げバスター,敵軍一列に小ダメージ,ダメージ,一列,小,敵軍城壁に小ダメージ,城壁ダメージ,,小,,,,,,,,
パイレーツ,ブレイダー,2,追い剥ぎサーベル,敵軍単体に微ダメージ,ダメージ,単体,微,敵軍全師団速度値ダウン(１５％),速度値,ダウン,１５％,自軍全師団速度値アップ(１５％),速度値,アップ,１５％,,,,
アマゾンブレイダー,ブレイダー,2,密林戦法・斬,敵軍単体に小ダメージ,ダメージ,単体,小,敵軍全師団防御値ダウン(５％),防御値,ダウン,５％,フォース減少(小),フォース,減少,小,,,,
クロウドラグーン,デストロイヤー,4,レッツパーリー,敵軍師団に小ダメージ,ダメージ,師団,小,,,,,,,,,,,,
グラディエーター,ブレイダー,2,キャッチ＆スラッシュ,敵軍単体に小ダメージ,ダメージ,単体,小,敵軍全師団速度値ダウン(１５％),速度値,ダウン,１５％,敵軍全師団防御値ダウン(１０％),防御値,ダウン,１０％,,,,
山賊親分,ブレイダー,2,不意打ちスラッシュ,敵軍単体に小ダメージ,ダメージ,単体,小,敵軍全師団防御値ダウン(１０％),防御値,ダウン,１０％,,,,,,,,
クルセイダー,ヒーラー,4,セイント・バリア,自軍１師団回復(中),回復,師団,中,バリア効果(小),バリア,,小,,,,,,,,
レディクルセイダー,ブレイダー,4,セイント・クラッシュ,敵軍単体に中ダメージ,ダメージ,単体,中,敵軍城壁に中ダメージ,城壁ダメージ,,中,,,,,,,,
アサシン,ランサー,3,ヴェノムナイフ,敵軍一列に微ダメージ,ダメージ,一列,微,敵軍一列に毒化付与(２０％),毒化付与,一列,２０％,,,,,,,,
レディアサシン,ランサー,3,パライズクロー,敵軍一列に小ダメージ,ダメージ,一列,小,敵軍単体に麻痺付与,麻痺付与,単体,,,,,,,,,
ハルモニアナイツ,ブレイダー,3,密林戦技・レパード,敵軍単体に中ダメージ,ダメージ,単体,中,自軍全師団全能力値アップ(５％),全能力値,アップ,５％,,,,,,,,
剣豪,ブレイダー,4,二刀流・鬼斬,敵軍単体に中ダメージ,ダメージ,単体,中,自軍全師団攻撃値アップ(１５％),攻撃値,アップ,１５％,,,,,,,,
女剣豪,ブレイダー,4,二刀流・鬼灯,敵軍単体に中ダメージ,ダメージ,単体,中,自軍全師団速度値アップ(２０％),速度値,アップ,２０％,,,,,,,,
ハイランドウォリアー,ランサー,3,銀嶺の突撃,敵軍一列に中ダメージ,ダメージ,一列,中,自軍全師団攻撃値アップ(１５％),攻撃値,アップ,１５％,,,,,,,,
桃太狼,ブレイダー,5,明王ラッシュ,敵軍単体に大ダメージ,ダメージ,単体,大,敵軍単体に停止付与,停止付与,単体,,,,,,,,,
スーパー剣兵,ブレイダー,5,ファイナル流し斬り,敵軍単体に極ダメージ,ダメージ,単体,極,敵軍全師団全能力値ダウン(２５％),全能力値,ダウン,２５％,敵軍城壁に大ダメージ,城壁ダメージ,,大,,,,
女武者,キャスター,1,いざ参る,フォース増加(小),フォース,増加,小,自軍全師団攻撃値アップ(１０％),攻撃値,アップ,１０％,,,,,,,,
ナイト,ブレイダー,2,アサルトラッシュ,敵軍単体に微ダメージ,ダメージ,単体,微,自軍全師団攻撃値アップ(１０％),攻撃値,アップ,１０％,自軍全師団速度値アップ(１０％),速度値,アップ,１０％,,,,
レディナイト,ブレイダー,2,リーズンラッシュ,敵軍単体に微ダメージ,ダメージ,単体,微,自軍全師団全能力値アップ(５％),全能力値,アップ,５％,,,,,,,,
バウンサー,ブレイダー,1,邪道槍術,敵軍単体に微ダメージ,ダメージ,単体,微,敵軍全師団攻撃値ダウン(５％),攻撃値,ダウン,５％,敵軍城壁に微ダメージ,城壁ダメージ,,微,,,,
アマゾネス,ブレイダー,1,密林戦法・突,敵軍単体に微ダメージ,ダメージ,単体,微,フォース増加(微),フォース,増加,微,敵軍全師団攻撃値ダウン(５％),攻撃値,ダウン,５％,,,,
ビーストライダー,ブレイダー,2,人狼一体・黒雷撃,敵軍単体に小ダメージ,ダメージ,単体,小,フォース増加(小),フォース,増加,小,,,,,,,,
グリフォンライダー,ブレイダー,2,ゴーグリフォン,敵軍単体に小ダメージ,ダメージ,単体,小,敵軍城壁に小ダメージ,城壁ダメージ,,小,,,,,,,,
ゲイルリッター,ランサー,3,ゲイルブレイド,敵軍一列に小ダメージ,ダメージ,一列,小,,,,,,,,,,,,
黒騎士,ブレイダー,2,身の程をわきまえよ,敵軍単体に小ダメージ,ダメージ,単体,小,敵軍城壁に小ダメージ,城壁ダメージ,,小,敵軍単体に毒化付与(１０％),毒化付与,単体,１０％,,,,
武士,ランサー,3,武士突撃,敵軍一列に微ダメージ,ダメージ,一列,微,自軍全師団攻撃値アップ(１０％),攻撃値,アップ,１０％,,,,,,,,
ウィングドラグーン,ヒーラー,3,飛竜の咆吼,自軍１師団回復(小),回復,師団,小,自軍全師団速度値アップ(１５％),速度値,アップ,１５％,自軍全師団攻撃値アップ(１０％),攻撃値,アップ,１０％,,,,
ヴァイスリッター,ランサー,4,ペガススの乙女,敵軍一列に小ダメージ,ダメージ,一列,小,自軍全師団攻撃値アップ(１５％),攻撃値,アップ,１５％,自軍全師団防御値アップ(１５％),防御値,アップ,１５％,,,,
フォビドゥーン,キャスター,3,毒房の紫槍,フォース吸収(中),フォース,吸収,中,敵軍一列に毒化付与(１５％),毒化付与,一列,１５％,,,,,,,,
ロードナイト,ランサー,4,血煙防戦陣,敵軍一列に小ダメージ,ダメージ,一列,小,自軍城壁拡張(小),城壁拡張,,小,,,,,,,,
レディロードナイト,ヒーラー,3,ロードシールド,自軍師団の状態異常を回復,状態異常回復,,,自軍師団に１ターン絶対治療付与,絶対治療付与,,,自軍全師団防御値アップ(２０％),防御値,アップ,２０％,,,,
ドラゴンナイト,ランサー,4,天空の撃墜王,敵軍一列に小ダメージ,ダメージ,一列,小,敵軍全師団攻撃値ダウン(１０％),攻撃値,ダウン,１０％,,,,,,,,
レディドラゴンナイト,ブレイダー,3,人竜一体,敵軍単体に中ダメージ,ダメージ,単体,中,自軍全師団攻撃値アップ(１０％),攻撃値,アップ,１０％,,,,,,,,
カーディナル,ランサー,3,おお、我らが主よ,敵軍一列に微ダメージ,ダメージ,一列,微,敵軍全師団全能力値ダウン(１５％),全能力値,ダウン,１５％,,,,,,,,
侍大将,キャスター,4,合戦大号令,敵軍城壁に小ダメージ,城壁ダメージ,,小,自軍全師団全能力値アップ(１０％),全能力値,アップ,１０％,,,,,,,,
羅刹女傑,ブレイダー,3,般若の一撃,敵軍単体に特大ダメージ,ダメージ,単体,特大,,,,,,,,,,,,
婆娑羅,デストロイヤー,4,バサラ無双,敵軍全体に大ダメージ,ダメージ,全体,大,,,,,,,,,,,,
クロスボウマン,ブレイダー,1,ラピッドアロー,敵軍単体に微ダメージ,ダメージ,単体,微,敵軍全師団防御値ダウン(５％),防御値,ダウン,５％,,,,,,,,
アーチャー,ランサー,3,一斉斉射,敵軍一列に微ダメージ,ダメージ,一列,微,敵軍全師団攻撃値ダウン(１０％),攻撃値,ダウン,１０％,,,,,,,,
レディアーチャー,ランサー,3,スピードショット,敵軍一列に微ダメージ,ダメージ,一列,微,敵軍全師団速度値ダウン(１５％),速度値,ダウン,１５％,,,,,,,,
ノーマッド,ブレイダー,1,馬上弓の一撃,敵軍単体に微ダメージ,ダメージ,単体,微,自軍全師団速度値アップ(１０％),速度値,アップ,１０％,,,,,,,,
忍者,ガーダー,2,空蝉の術・壱,バリア効果(微),バリア,,微,自軍全師団速度値アップ(１０％),速度値,アップ,１０％,,,,,,,,
銃士,キャスター,1,シルバーショット,敵軍城壁に微ダメージ,城壁ダメージ,,微,自軍全師団知力値アップ(１０％),知力値,アップ,１０％,,,,,,,,
ローグ,キャスター,3,破壊工作,敵軍城壁に小ダメージ,城壁ダメージ,,小,敵軍全師団防御値ダウン(１０％),防御値,ダウン,１０％,,,,,,,,
レディローグ,キャスター,3,隠密工作,敵軍単体に麻痺付与,麻痺付与,単体,,敵軍全師団全能力値ダウン(５％),全能力値,ダウン,５％,,,,,,,,
騎兵銃士,ブレイダー,2,ロングレンジショット,敵軍単体に小ダメージ,ダメージ,単体,小,フォース減少(小),フォース,減少,小,,,,,,,,
バッカニア,キャスター,3,しくじるんじゃないよ,敵軍全師団攻撃値ダウン(１０％),攻撃値,ダウン,１０％,自軍全師団攻撃値アップ(１０％),攻撃値,アップ,１０％,フォース吸収(小),フォース,吸収,小,,,,
エグゼクター,ブレイダー,2,ハイディングブロー,敵軍単体に小ダメージ,ダメージ,単体,小,敵軍単体に毒化付与(１０％),毒化付与,単体,１０％,フォース減少(小),フォース,減少,小,,,,
アマゾンスナイパー,ランサー,3,密林戦法・射,敵軍一列に小ダメージ,ダメージ,一列,小,敵軍一列に毒化付与(１０％),毒化付与,一列,１０％,,,,,,,,
銃士隊長,キャスター,2,シルバーマシンガン,敵軍城壁に小ダメージ,城壁ダメージ,,小,自軍全師団知力値アップ(１５％),知力値,アップ,１５％,,,,,,,,
マタギ,ブレイダー,2,マタギの必殺狙撃,敵軍単体に小ダメージ+敵軍全師団防御値ダウン(１０％),ダメージ,師団,小,,,,,,,,,,,,
スナイパー,ブレイダー,4,暗殺狙撃,敵軍単体に大ダメージ,ダメージ,単体,大,敵軍全師団全能力値ダウン(１０％),全能力値,ダウン,１０％,,,,,,,,
レディスナイパー,ランサー,4,近衛排除,敵軍一列に小ダメージ,ダメージ,一列,小,敵軍全師団防御値ダウン(２０％),防御値,ダウン,２０％,,,,,,,,
歩き巫女,ヒーラー,3,白梅の花吹雪,自軍１師団蘇生(微),蘇生,師団,微,自軍全師団防御値アップ(１０％),防御値,アップ,１０％,,,,,,,,
ブラストドラグーン,ランサー,3,火球ボンバー,敵軍一列に小ダメージ,ダメージ,一列,小,敵軍城壁に小ダメージ,城壁ダメージ,,小,,,,,,,,
ウィザード,キャスター,2,チェインマジック,敵軍単体に麻痺付与,麻痺付与,単体,,敵軍全師団全能力値ダウン(５％),全能力値,ダウン,５％,,,,,,,,
ウィッチ,デストロイヤー,3,ポイズンスモッグ,敵軍師団に微ダメージ,ダメージ,師団,微,敵軍一列に毒化付与(５％),毒化付与,一列,５％,,,,,,,,
ファウスト,キャスター,1,呪っちゃうぞー,敵軍単体に毒化付与(５％),毒化付与,単体,５％,敵軍全師団知力値ダウン(１０％),知力値,ダウン,１０％,,,,,,,,
ベノムトレーダー,ヒーラー,3,ポーション乱舞・毒,自軍１師団回復(小),回復,師団,小,敵軍単体に毒化付与(１０％),毒化付与,単体,１０％,,,,,,,,
シーア,キャスター,3,星読みの加護,敵軍全師団全能力値ダウン(１５％),全能力値,ダウン,１５％,自軍全師団全能力値アップ(１５％),全能力値,アップ,１５％,,,,,,,,
陰陽師,ブレイダー,1,式神ナックル,敵軍単体に微ダメージ,ダメージ,単体,微,敵軍城壁に微ダメージ,城壁ダメージ,,微,,,,,,,,
エレメンタラー,ヒーラー,3,エレメンタルパワー,自軍１師団回復(小),回復,師団,小,自軍全師団知力値アップ(１５％),知力値,アップ,１５％,,,,,,,,
アマゾンドルイド,ブレイダー,3,密林戦法・魔,敵軍単体に小ダメージ,ダメージ,単体,小,敵軍単体に麻痺付与,麻痺付与,単体,,,,,,,,,
ヴァイスマギア,ヒーラー,3,癒やしの星光,自軍１師団回復(小),回復,師団,小,フォース増加(中),フォース,増加,中,,,,,,,,
ドラゴンテイマー,ランサー,3,ゴンちゃんレイジ,敵軍一列に小ダメージ,ダメージ,一列,小,敵軍城壁に小ダメージ,城壁ダメージ,,小,,,,,,,,
武仙,ランサー,4,剣武・札舞,敵軍単体に麻痺付与,麻痺付与,単体,,敵軍一列に小ダメージ,ダメージ,一列,小,,,,,,,,
仙女,ブレイダー,4,仙術・荒御魂,フォース吸収(中),フォース,吸収,中,敵軍単体に中ダメージ,ダメージ,単体,中,,,,,,,,
セージ,ガーダー,4,叡智を授けよう,バリア効果(中),バリア,,中,自軍全師団知力値アップ(２０％),知力値,アップ,２０％,,,,,,,,
レディセージ,ランサー,4,呪符術式展開,敵軍一列に小ダメージ,ダメージ,一列,小,自軍全師団全能力値アップ(１０％),全能力値,アップ,１０％,,,,,,,,
オリファンの笛吹き,キャスター,4,オリファンの笛,フォース増加(小),フォース,増加,小,自軍全師団全能力値アップ(１０％),全能力値,アップ,１０％,敵軍全師団全能力値ダウン(１０％),全能力値,ダウン,１０％,,,,
インヴォーカー,ヒーラー,5,救いの祈りよ,自軍１師団蘇生(中),蘇生,師団,中,自軍全師団全能力値アップ(１０％),全能力値,アップ,１０％,,,,,,,,
フューリー,キャスター,3,古の禁術,フォース吸収(中),フォース,吸収,中,敵軍単体に麻痺付与,麻痺付与,単体,,,,,,,,,
ヴァルボリの魔女,ランサー,3,ブルーフレイム,敵軍一列に小ダメージ,ダメージ,一列,小,自軍全師団知力値アップ(１０％),知力値,アップ,１０％,,,,,,,,
ハイランドセージ,ランサー,3,銀嶺の魔弾,敵軍一列に微ダメージ,ダメージ,一列,微,敵軍一列に凍結付与,凍結付与,一列,,,,,,,,,
辺境盾兵,ガーダー,4,盾兵ド根性・最終回,バリア効果(中),バリア,,中,自軍全師団防御値アップ(１５％),防御値,アップ,１５％,,,,,,,,
バイキングガード,キャスター,2,略奪ヒャッハー,敵軍全師団防御値ダウン(１０％),防御値,ダウン,１０％,自軍全師団防御値アップ(１０％),防御値,アップ,１０％,敵軍城壁に小ダメージ,城壁ダメージ,,小,,,,
ソルジャー,ブレイダー,2,槍兵突撃攻撃,敵軍単体に小ダメージ,ダメージ,単体,小,自軍全師団攻撃値アップ(５％),攻撃値,アップ,５％,,,,,,,,
レディソルジャー,ブレイダー,2,槍兵迎撃態勢,敵軍単体に微ダメージ,ダメージ,単体,微,自軍全師団防御値アップ(１５％),防御値,アップ,１５％,,,,,,,,
ハンマーナイト,ガーダー,3,男の防御,バリア効果(小),バリア,,小,自軍全師団攻撃値アップ(１０％),攻撃値,アップ,１０％,,,,,,,,
鉄騎将,ブレイダー,3,アイアンウォール,自軍城壁拡張(小),城壁拡張,,小,敵軍単体に小ダメージ,ダメージ,単体,小,,,,,,,,
聖騎士,ランサー,3,グランドクロス,敵軍一列に小ダメージ,ダメージ,一列,小,自軍全師団防御値アップ(１０％),防御値,アップ,１０％,自軍全師団知力値アップ(１５％),知力値,アップ,１５％,,,,
スケイルドラグーン,キャスター,2,ドラゴンガード,自軍城壁拡張(小),城壁拡張,,小,自軍全師団攻撃値アップ(１０％),攻撃値,アップ,１０％,自軍全師団防御値アップ(１０％),防御値,アップ,１０％,,,,
フォートレス,ブレイダー,4,カウンターガード,バリア効果(中),バリア,,中,自軍全師団攻撃値アップ(２０％),攻撃値,アップ,２０％,敵軍単体に微ダメージ,ダメージ,単体,微,,,,
レディフォートレス,ブレイダー,4,クリスタルガード,バリア効果(中),バリア,,中,自軍全師団防御値アップ(２０％),防御値,アップ,２０％,敵軍単体に微ダメージ,ダメージ,単体,微,,,,
バーバリアン,ランサー,3,克己の肉体,敵軍一列に小ダメージ,ダメージ,一列,小,自軍全師団攻撃値アップ(１０％),攻撃値,アップ,１０％,,,,,,,,
ハルモニアガード,キャスター,3,ハルモニアの盾,自軍城壁拡張(小),城壁拡張,,小,自軍全師団防御値アップ(１０％),防御値,アップ,１０％,,,,,,,,
黒騎将,ブレイダー,4,ブラックウォール,自軍城壁拡張(中),城壁拡張,,中,敵軍単体に中ダメージ,ダメージ,単体,中,自軍全師団防御値アップ(１０％),防御値,アップ,１０％,,,,
ハイランドガード,ガーダー,4,決意の防御陣,バリア効果(中),バリア,,中,自軍１師団回復(微),回復,師団,微,,,,,,,,
霊装鎧兵,キャスター,3,エネルギーフィールド,バリア効果(小),バリア,,小,自軍城壁拡張(小),城壁拡張,,小,,,,,,,,
女霊装鎧兵,キャスター,3,エネルギーシールド,バリア効果(小),バリア,,小,自軍城壁拡張(小),城壁拡張,,小,,,,,,,,
金鎧将,ブレイダー,5,ゴールドウォール,自軍城壁拡張(大),城壁拡張,,大,敵軍単体に中ダメージ,ダメージ,単体,中,自軍全師団防御値アップ(２０％),防御値,アップ,２０％,,,,
ハイランドジェネラル,ガーダー,4,銀嶺の城門,バリア効果(中),バリア,,中,自軍全師団防御値アップ(１５％),防御値,アップ,１５％,自軍１師団回復(微),回復,師団,微,,,,
渡世人,ガーダー,5,仁王立ち,バリア効果(大),バリア,,大,自軍１師団回復(微),回復,師団,微,,,,,,,,
カーペンター,ガーダー,2,ケミカルアンカー,自軍城壁拡張(小),城壁拡張,,小,敵軍城壁に小ダメージ,城壁ダメージ,,小,,,,,,,,
山師,ブレイダー,2,ダイヤモンドカッター,敵軍単体に小ダメージ,ダメージ,単体,小,敵軍城壁に小ダメージ,城壁ダメージ,,小,,,,,,,,
怪盗,キャスター,3,大泥棒参上,敵軍全師団防御値ダウン(１０％),防御値,ダウン,１０％,フォース吸収(小),フォース,吸収,小,,,,,,,,
山賊,ブレイダー,2,力任せの斧,敵軍単体に微ダメージ,ダメージ,単体,微,敵軍城壁に小ダメージ,城壁ダメージ,,小,,,,,,,,
パニッシャー,デストロイヤー,4,私の右手は神の拳,敵軍師団に中ダメージ,ダメージ,師団,中,敵軍城壁に小ダメージ,城壁ダメージ,,小,自軍全師団攻撃値アップ(１０％),攻撃値,アップ,１０％,,,,
レディホーク,ヒーラー,3,お宝よこしな,自軍１師団回復(小),回復,師団,小,敵軍全師団攻撃値ダウン(１０％),攻撃値,ダウン,１０％,自軍全師団攻撃値アップ(１０％),攻撃値,アップ,１０％,,,,
ホーンドラグーン,ブレイダー,2,チャージングスピア,敵軍単体に小ダメージ,ダメージ,単体,小,自軍全師団速度値アップ(１０％),速度値,アップ,１０％,,,,,,,,
ウォリアー,デストロイヤー,4,心が踊るぜ,敵軍師団に微ダメージ,ダメージ,師団,微,自軍全師団攻撃値アップ(１５％),攻撃値,アップ,１５％,,,,,,,,
レディウォリアー,ランサー,4,楽しませな,敵軍一列に小ダメージ,ダメージ,一列,小,自軍全師団攻撃値アップ(１５％),攻撃値,アップ,１５％,,,,,,,,
拳聖,ブレイダー,4,山砕き,敵軍単体に中ダメージ,ダメージ,単体,中,敵軍城壁に中ダメージ,城壁ダメージ,,中,,,,,,,,
女拳聖,デストロイヤー,4,秘技・竜舞拳,敵軍師団に微ダメージ,ダメージ,師団,微,敵軍城壁に小ダメージ,城壁ダメージ,,小,,,,,,,,
アーチボルト,ブレイダー,4,バリスタ狙撃,敵軍単体に大ダメージ,ダメージ,単体,大,,,,,,,,,,,,
レディアーチボルト,ガーダー,3,ストレス発散,敵軍城壁に大ダメージ+敵軍全師団防御値ダウン(１５％),城壁ダメージ,,大,,,,,,,,,,,,
バイキングリーダー,ランサー,4,戦士の進軍,敵軍一列に中ダメージ,ダメージ,一列,中,敵軍全師団全能力値ダウン(１５％),全能力値,ダウン,１５％,自軍全師団全能力値アップ(１５％),全能力値,アップ,１５％,,,,
ハイモンク,ヒーラー,5,破導拳,敵軍城壁に中ダメージ,城壁ダメージ,,中,自軍全師団全能力値アップ(２０％),全能力値,アップ,２０％,自軍師団の状態異常を回復,状態異常回復,,,自軍師団に１ターン絶対治療付与,絶対治療付与,,
ウルティマカノン,デストロイヤー,5,アルティメットカノン,敵軍師団に中ダメージ,ダメージ,師団,中,敵軍城壁に小ダメージ,城壁ダメージ,,小,,,,,,,,
カオティックカノン,デストロイヤー,5,カオスクライムカノン,敵軍師団に大ダメージ+敵軍城壁に中ダメージ,城壁ダメージ,,大,,,,,,,,,,,,
ハーバリスト,ヒーラー,2,ポーションパラダイス,自軍１師団回復(微),回復,師団,微,バリア効果(微),バリア,,微,,,,,,,,
巫女,キャスター,1,オンバサラ,自軍城壁拡張(微),城壁拡張,,微,敵軍全師団攻撃値ダウン(５％),攻撃値,ダウン,５％,敵軍全師団知力値ダウン(１０％),知力値,ダウン,１０％,,,,
司祭,ヒーラー,3,神への祈り,自軍１師団蘇生(微),蘇生,師団,微,自軍全師団知力値アップ(１０％),知力値,アップ,１０％,,,,,,,,
高司祭,ヒーラー,4,神からの奇跡,自軍１師団蘇生(小),蘇生,師団,小,自軍全師団知力値アップ(１５％),知力値,アップ,１５％,,,,,,,,
ドラゴンプリースト,ランサー,3,ドラゴンブレス,敵軍一列に小ダメージ,ダメージ,一列,小,自軍全師団攻撃値アップ(１０％),攻撃値,アップ,１０％,自軍全師団知力値アップ(１５％),知力値,アップ,１５％,,,,
ウィッチドクター,ヒーラー,4,魔女の薬釜,自軍１師団蘇生(中),蘇生,師団,中,自軍１師団の状態異常を回復,状態異常回復,,,自軍師団の状態異常を回復,状態異常回復,,,自軍師団に１ターン絶対治療付与,絶対治療付与,,
ハイエロファント,キャスター,4,聖域大結界,自軍全師団全能力値アップ(１０％)+敵軍全師団全能力値ダウン(１０％),全能力値,アップ,１０％,,,,,,,,,,,,
ハイプリエステス,デストロイヤー,4,ネメシス・クロス,敵軍師団に微ダメージ+自軍全師団全能力値アップ(１５％),ダメージ,師団,微,,,,,,,,,,,,
ヴァルキリー,ブレイダー,3,戦乙女の剣旋,敵軍単体に中ダメージ,ダメージ,単体,中,フォース増加(中),フォース,増加,中,,,,,,,,
スレイエンジェル,ブレイダー,2,ツインセイバー,敵軍単体に小ダメージ,ダメージ,単体,小,自軍全師団攻撃値アップ(１０％),攻撃値,アップ,１０％,,,,,,,,
フォールンセイバー,ブレイダー,2,ダークソード,敵軍単体に微ダメージ,ダメージ,単体,微,敵単体に呪い付与,呪い付与,単体,,,,,,,,,
ヘブンレイダー,ブレイダー,3,ダブルセイバー,敵軍単体に中ダメージ,ダメージ,単体,中,自軍全師団攻撃値アップ(１５％),攻撃値,アップ,１５％,,,,,,,,
エンジェルセイバー,ブレイダー,2,ホーリーソード,敵軍単体に微ダメージ,ダメージ,単体,微,敵軍単体に封印付与,封印付与,単体,,,,,,,,,
白虎,ブレイダー,4,聖獣の爪,敵軍単体に大ダメージ,ダメージ,単体,大,敵軍全師団攻撃値ダウン(２０％),攻撃値,ダウン,２０％,,,,,,,,
イノセントソード,ブレイダー,4,無慈悲な一刀,敵軍単体に大ダメージ,ダメージ,単体,大,敵軍全師団防御値ダウン(２０％),防御値,ダウン,２０％,,,,,,,,
シグルズの竜戦士,ブレイダー,4,邪竜斬破,敵軍単体に大ダメージ,ダメージ,単体,大,自軍全師団攻撃値アップ(１５％),攻撃値,アップ,１５％,,,,,,,,
熾天使ミカエル,ブレイダー,4,神焔斬,敵軍単体に大ダメージ,ダメージ,単体,大,敵軍城壁に中ダメージ,城壁ダメージ,,中,,,,,,,,
天帝梵阿,デストロイヤー,5,風舞・天裂風,敵軍師団に特大ダメージ,ダメージ,師団,特大,,,,,,,,,,,,
ケリュネイア,ヒーラー,5,キュン、キューン,自軍師団の状態異常を回復,状態異常回復,,,自軍師団に１ターン絶対治療付与,絶対治療付与,,,フォース増加(中),フォース,増加,中,自軍全師団速度値アップ(２５％),速度値,アップ,２５％
アレイオーン,ブレイダー,3,神馬突撃,敵軍単体に大ダメージ,ダメージ,単体,大,,,,,,,,,,,,
カオスエンジェル,ランサー,3,ピアッシング,敵軍一列に小ダメージ,ダメージ,一列,小,,,,,,,,,,,,
ヘブンインペイル,ランサー,4,ペネトレイション,敵軍一列に中ダメージ,ダメージ,一列,中,,,,,,,,,,,,
青龍,ランサー,5,雷撃雨,敵軍一列に大ダメージ,ダメージ,一列,大,自軍全師団防御値アップ(２０％),防御値,アップ,２０％,,,,,,,,
スルーズの雷騎士,ブレイダー,4,サンダーレイド,敵軍単体に中ダメージ,ダメージ,単体,中,自軍全師団速度値アップ(２０％),速度値,アップ,２０％,,,,,,,,
エバンジールジャッジ,デストロイヤー,4,福音の雷,敵軍師団に小ダメージ,ダメージ,師団,小,自軍全師団速度値アップ(１５％),速度値,アップ,１５％,,,,,,,,
エーギル,ランサー,4,エール・ストライク,敵軍単体に大ダメージ,ダメージ,単体,大,自軍全師団攻撃値アップ(２０％),攻撃値,アップ,２０％,自軍１師団回復(小),回復,師団,小,,,,
熾天使メタトロン,ランサー,5,断罪の炎槍,敵軍一列に中ダメージ,ダメージ,一列,中,自軍全師団攻撃値アップ(４０％),攻撃値,アップ,４０％,,,,,,,,
エンジェルファーマー,デストロイヤー,4,天地開墾撃,敵軍全体に中ダメージ,ダメージ,全体,中,自軍全師団全能力値アップ(２０％),全能力値,アップ,２０％,自軍１師団回復(微),回復,師団,微,,,,
ネプチューン,ランサー,5,海神雷戟,敵軍一列に中ダメージ,ダメージ,一列,中,敵一師団一列に麻痺付与,麻痺付与,師団,,,,,,,,,
シヴァ,デストロイヤー,5,シャルヴ,敵軍師団に中ダメージ,ダメージ,師団,中,自軍全師団攻撃値アップ(２５％),攻撃値,アップ,２５％,,,,,,,,
スプライトシーカー,ブレイダー,4,雷精放電,敵軍単体に小ダメージ,ダメージ,単体,小,敵軍単体に麻痺付与,麻痺付与,単体,,敵軍全師団速度値ダウン(１５％),速度値,ダウン,１５％,,,,
ガルーダ,ヒーラー,5,ヴァーハナ,自軍師団の状態異常を回復,状態異常回復,,,自軍師団に１ターン絶対治療付与,絶対治療付与,,,自軍全師団全能力値アップ(１５％),全能力値,アップ,１５％,,,,
朱雀,デストロイヤー,5,再生の炎,敵軍師団に微ダメージ,ダメージ,師団,微,自軍１師団蘇生(中),蘇生,師団,中,,,,,,,,
ノートスの天弓士,デストロイヤー,4,星天の矢雨,敵軍師団に微ダメージ,ダメージ,師団,微,敵軍全師団全能力値ダウン(１０％),全能力値,ダウン,１０％,,,,,,,,
アリアドネー,キャスター,3,勝利を導く神糸,自軍全師団防御値アップ(２５％),防御値,アップ,２５％,敵軍師団速度値アップ(２５％),速度値,アップ,２５％,,,,,,,,
エバンジールガンナー,デストロイヤー,4,福音の火砲,敵軍師団に小ダメージ,ダメージ,師団,小,自軍全師団攻撃値アップ(１５％),攻撃値,アップ,１５％,,,,,,,,
熾天使ラファエル,ヒーラー,5,神霊風,自軍１師団回復(大),回復,師団,大,自軍全師団知力値アップ(３０％),知力値,アップ,３０％,,,,,,,,
熾天使ナハーシュ,デストロイヤー,3,楽園追放,敵軍全体に小ダメージ,ダメージ,全体,小,敵軍全師団全能力値ダウン(１０％),全能力値,ダウン,１０％,発動後即座にラウンド終了,ラウンド,終了,,,,,
セイレーン,キャスター,2,戦の聖歌,フォース増加(小),フォース,増加,小,自軍全師団攻撃値アップ(１０％),攻撃値,アップ,１０％,自軍全師団知力値アップ(１５％),知力値,アップ,１５％,,,,
フォールンチャンター,キャスター,2,冥獄の歌,フォース減少(微),フォース,減少,微,敵軍全師団全能力値ダウン(５％),全能力値,ダウン,５％,,,,,,,,
エンジェルチャンター,キャスター,2,天輪の歌,フォース増加(微),フォース,増加,微,自軍全師団全能力値アップ(５％),全能力値,アップ,５％,,,,,,,,
イノセントチャンター,ランサー,5,零の秘術,敵軍一列に大ダメージ,ダメージ,一列,大,自軍１師団回復(大),回復,師団,大,,,,,,,,
キュベレイ,ヒーラー,4,大地の恵み,自軍１師団回復(大),回復,師団,大,自軍城壁拡張(大),城壁拡張,,大,,,,,,,,
アルヴィスの賢者,ランサー,4,究極魔法・アルタール,敵軍一列に小ダメージ,ダメージ,一列,小,自軍全師団全能力値アップ(１０％),全能力値,アップ,１０％,,,,,,,,
グリゴリ,ランサー,4,ルナティックバニシュ,敵軍一列に中ダメージ,ダメージ,一列,中,敵軍全師団防御値ダウン(１５％),防御値,ダウン,１５％,,,,,,,,
ガネーシャ,キャスター,4,幸運の牙筆,フォース増加(中),フォース,増加,中,自軍全師団知力値アップ(２０％),知力値,アップ,２０％,,,,,,,,
セラフ,ランサー,5,クロス・バニシュ,敵軍一列に大ダメージ,ダメージ,一列,大,敵軍全師団防御値ダウン(２０％),防御値,ダウン,２０％,,,,,,,,
ネメシスセージ,デストロイヤー,4,福音の氷雪,敵軍師団に小ダメージ,ダメージ,師団,小,自軍全師団知力値アップ(１５％),知力値,アップ,１５％,,,,,,,,
バルデール,ヒーラー,4,プリティ・バリアー,自軍１師団回復(大),回復,師団,大,バリア効果(大),バリア,,大,,,,,,,,
応龍,デストロイヤー,5,天渦竜雷,敵軍師団に大ダメージ+敵軍城壁に中ダメージ,城壁ダメージ,,大,,,,,,,,,,,,
熾天使ラジエル,デストロイヤー,5,セファー・ラジエール,敵軍師団に小ダメージ,ダメージ,師団,小,自軍全師団知力値アップ(２５％),知力値,アップ,２５％,敵軍全師団全能力値ダウン(２５％),全能力値,ダウン,２５％,,,,
熾天使ハニエル,ランサー,5,天使の寵愛,敵軍一列に中ダメージ,ダメージ,一列,中,敵軍一列に魅了付与,魅了付与,一列,,,,,,,,,
プルート,デストロイヤー,5,裁きの業火,敵軍師団に中ダメージ,ダメージ,師団,中,敵軍全師団全能力値ダウン(３０％),全能力値,ダウン,３０％,,,,,,,,
ヴァルファーズ,ブレイダー,3,勇者の槍,敵軍単体に中ダメージ,ダメージ,単体,中,自軍全師団攻撃値アップ(１５％),攻撃値,アップ,１５％,,,,,,,,
フォルエンジェル,ガーダー,4,フォールン・ガード,バリア効果(小),バリア,,小,自軍全師団攻撃値アップ(１５％),攻撃値,アップ,１５％,,,,,,,,
エンジェルナイト,ガーダー,4,エンジェル・ガード,バリア効果(小),バリア,,小,自軍全師団攻撃値アップ(１５％),攻撃値,アップ,１５％,,,,,,,,
玄武,ガーダー,4,聖なる護甲,自軍城壁拡張(大),城壁拡張,,大,バリア効果(大),バリア,,大,,,,,,,,
イノセントシェル,ヒーラー,5,虚構の防壁,バリア効果(大),バリア,,大,自軍１師団の状態異常を回復,状態異常回復,,,自軍１師団に１ターン絶対治療付与,絶対治療付与,,,,,,
マッスルパワーズ,ランサー,5,エンジェル・ビーム,敵軍一列に中ダメージ,ダメージ,一列,中,敵軍一列に魅了付与,魅了付与,一列,,,,,,,,,
スレイプニルの神騎士,ブレイダー,4,神槍アンティオキア,敵軍単体に大ダメージ,ダメージ,単体,大,フォース増加(中),フォース,増加,中,,,,,,,,
エバンジールナイト,ガーダー,4,福音の聖壁,バリア効果(大),バリア,,大,自軍全師団防御値アップ(１５％),防御値,アップ,１５％,,,,,,,,
熾天使ウリエル,ガーダー,4,神鎧甲,自軍城壁拡張(大),城壁拡張,,大,バリア効果(大),バリア,,大,,,,,,,,
熾天使サンダルフォン,ガーダー,5,神鍵の聖域,バリア効果(特),バリア,,特,自軍全師団防御値アップ(５０％),防御値,アップ,５０％,,,,,,,,
熾天使バベル,ガーダー,5,究極なる美の光,バリア効果(特),バリア,,特,自軍城壁拡張(大),城壁拡張,,大,,,,,,,,
エインヘリヤル,ブレイダー,3,戦士の槍,敵軍単体に中ダメージ,ダメージ,単体,中,敵軍全師団攻撃値ダウン(１５％),攻撃値,ダウン,１５％,,,,,,,,
エンジェルカノン,デストロイヤー,4,天の祝砲,敵軍全体に小ダメージ,ダメージ,全体,小,自軍全師団攻撃値アップ(１５％),攻撃値,アップ,１５％,,,,,,,,
ドミネーター,キャスター,4,堕落の霊光,フォース減少(大),フォース,減少,大,敵軍全師団知力値ダウン(２５％),知力値,ダウン,２５％,,,,,,,,
アフィストル,キャスター,4,使徒の霊光,フォース減少(大),フォース,減少,大,敵軍全師団知力値ダウン(２５％),知力値,ダウン,２５％,,,,,,,,
リンドヴルム,ヒーラー,5,魂喰らい,自軍１師団回復(大),回復,師団,大,フォース吸収(大),フォース,吸収,大,,,,,,,,
イノセントグランツ,デストロイヤー,5,心無き斬舞,敵軍師団に中ダメージ,ダメージ,師団,中,自軍全師団全能力値アップ(１０％),全能力値,アップ,１０％,敵軍全師団全能力値ダウン(１０％),全能力値,ダウン,１０％,,,,
熾天使ザラキエル,ヒーラー,5,月光医療,自軍１師団蘇生(中),蘇生,師団,中,敵軍全師団全能力値ダウン(２５％),全能力値,ダウン,２５％,,,,,,,,
熾天使ゼルエル,デストロイヤー,4,クラッシュ・レイ,敵軍師団に小ダメージ,ダメージ,師団,小,敵軍城壁に大ダメージ,城壁ダメージ,,大,敵軍全師団攻撃値ダウン(１５％),攻撃値,ダウン,１５％,,,,
黒龍王,デストロイヤー,5,黒龍弾,敵軍師団に中ダメージ,ダメージ,師団,中,敵軍城壁に大ダメージ,城壁ダメージ,,大,,,,,,,,
ウラノス,ランサー,5,天神大轟斧,敵軍一列に大ダメージ,ダメージ,一列,大,敵軍城壁に大ダメージ,城壁ダメージ,,大,,,,,,,,
カーリー,デストロイヤー,5,死と破壊の舞踊,敵軍師団に中ダメージ,ダメージ,師団,中,敵軍城壁に大ダメージ,城壁ダメージ,,大,フォース減少(中),フォース,減少,中,,,,
天童,ヒーラー,1,天使のお茶菓子,自軍１師団回復(微),回復,師団,微,フォース増加(中),フォース,増加,中,,,,,,,,
ファレンクピド,ヒーラー,3,聖なる癒やし,自軍１師団回復(小),回復,師団,小,バリア効果(小),バリア,,小,,,,,,,,
クピド,ヒーラー,4,天使の癒やし,自軍１師団回復(小),回復,師団,小,バリア効果(中),バリア,,中,,,,,,,,
ヘイズルーン,キャスター,2,戦士の旋律,フォース増加(小),フォース,増加,小,自軍全師団防御値アップ(１０％),防御値,アップ,１０％,自軍全師団知力値アップ(１５％),知力値,アップ,１５％,,,,
エンジェルコック,ヒーラー,3,天使のおもてなし,自軍１師団回復(小),回復,師団,小,フォース増加(中),フォース,増加,中,,,,,,,,
アマテラス,ヒーラー,5,太陽の奇跡,自軍１師団蘇生(中),蘇生,師団,中,自軍１師団の状態異常を回復,状態異常回復,,,自軍１師団に１ターン絶対治療付与,絶対治療付与,,,,,,
エンジェルプランター,ヒーラー,3,天使の恵み雨,自軍１師団蘇生(小),蘇生,師団,小,自軍１師団の状態異常を回復,状態異常回復,,,自軍１師団に１ターン絶対治療付与,絶対治療付与,,,,,,
麒麟,ランサー,5,神獣雷閃,敵軍一列に中ダメージ+敵軍一列に麻痺付与,ダメージ,一列,中,,,,,,,,,,,,
エバンジールコーラー,ヒーラー,4,福音の慈雨,自軍１師団蘇生(中),蘇生,師団,中,フォース増加(中),フォース,増加,中,,,,,,,,
熾天使ガブリエル,ランサー,5,神水恵,敵軍一列に大ダメージ,ダメージ,一列,大,自軍１師団蘇生(中),蘇生,師団,中,,,,,,,,
熾天使アキベエル,ブレイダー,4,ラヴ・ビーム,敵軍単体に小ダメージ,ダメージ,単体,小,敵軍単体に魅了付与,魅了付与,単体,,フォース吸収(特),フォース,吸収,特,,,,
熾天使ジョフィエル,ヒーラー,5,楽園のフルコース,自軍１師団蘇生(大),蘇生,師団,大,自軍１師団の状態異常を回復,状態異常回復,,,自軍１師団に１ターン絶対治療付与,絶対治療付与,,,フォース増加(中),フォース,増加,中
狂天使サマエル,ランサー,4,呪いの林檎,敵軍一列に小ダメージ,ダメージ,一列,小,敵軍一列に毒化付与(１０％),毒化付与,一列,１０％,,,,,,,,
嵐神アナト,ブレイダー,4,嵐神の風舞,敵軍単体に大ダメージ+敵軍全師団防御値ダウン(１５％),ダメージ,師団,大,,,,,,,,,,,,
ヴァルキリーオルク,ブレイダー,4,血涙のヴァルキュリア,敵軍単体に大ダメージ,ダメージ,単体,大,敵軍単体に毒化付与(２０％),毒化付与,単体,２０％,フォース吸収(中),フォース,吸収,中,,,,
ベルゲルミルオルク,ブレイダー,4,血涙の毒拳,敵軍単体に中ダメージ,ダメージ,単体,中,敵軍城壁に中ダメージ,城壁ダメージ,,中,敵軍全体に毒化付与(２０％),毒化付与,全体,２０％,,,,
エンバーセラフ,デストロイヤー,4,焦熱の神剣舞,敵軍全体に大ダメージ,ダメージ,全体,大,敵軍全体に麻痺付与,麻痺付与,全体,,,,,,,,,
シグルズオルク,ブレイダー,5,怨血斬破,敵軍単体に大ダメージ,ダメージ,単体,大,敵軍単体に毒化付与(２０％),毒化付与,単体,２０％,,,,,,,,
狂天使ラメエル,ヒーラー,3,凍て付く世界,自軍１師団回復(小),回復,師団,小,敵軍単体に麻痺付与,麻痺付与,単体,,,,,,,,,
フォモル,ガーダー,4,古の波動,バリア効果(中),バリア,,中,敵軍城壁に中ダメージ,城壁ダメージ,,中,,,,,,,,
ラグナ・プラセル,ブレイダー,3,狂喜,敵軍単体に中ダメージ,ダメージ,単体,中,自軍全師団攻撃値アップ(１５％),攻撃値,アップ,１５％,,,,,,,,
海神ナハール,ランサー,4,海神の咆哮,敵軍一列に中ダメージ,ダメージ,一列,中,自軍全師団防御値アップ(１５％),防御値,アップ,１５％,,,,,,,,
エンバーキマイラ,ランサー,4,焦熱の三獣爪,敵軍一列に中ダメージ,ダメージ,一列,中,敵軍一列に毒化付与(１０％),毒化付与,一列,１０％,敵軍一列に呪い付与,呪い付与,一列,,敵軍一列に麻痺付与,麻痺付与,一列,
スルーズオルク,ブレイダー,5,オルクスサンダー,敵軍単体に大ダメージ+敵軍全師団速度値ダウン(３０％),ダメージ,師団,大,,,,,,,,,,,,
グラシア・プラセル,ブレイダー,4,怨喜,敵軍単体に大ダメージ,ダメージ,単体,大,自軍全師団攻撃値アップ(２０％),攻撃値,アップ,２０％,敵軍単体に呪い付与,呪い付与,単体,,,,,
狂天使イブリース,キャスター,4,無貌の祈り,敵軍単体に毒化付与(２０％),毒化付与,単体,２０％,フォース増加(大),フォース,増加,大,,,,,,,,
屍神レシェフ,デストロイヤー,5,屍神の呪痕,敵軍師団に小ダメージ,ダメージ,師団,小,敵軍全師団全能力値ダウン(２５％),全能力値,ダウン,２５％,,,,,,,,
エンバーデビル,キャスター,4,焦熱の魔法陣,自軍全師団全能力値アップ(２０％),全能力値,アップ,２０％,敵軍全師団防御値ダウン(２０％),防御値,ダウン,２０％,自軍１師団の状態異常を回復,状態異常回復,,,自軍１師団に１ターン絶対治療付与,絶対治療付与,,
ノートスオルク,デストロイヤー,5,慟哭の矢雨,敵軍師団に小ダメージ,ダメージ,師団,小,敵軍全師団全能力値ダウン(１５％),全能力値,ダウン,１５％,,,,,,,,
狂天使カスピエル,ランサー,4,呪いの裂創,敵軍一列に中ダメージ,ダメージ,一列,中,敵軍一列に毒化付与(１５％),毒化付与,一列,１５％,,,,,,,,
バアルメイガス,キャスター,3,混沌魔術,敵軍単体に毒化付与(２０％)+敵軍全師団全能力値ダウン(５％),全能力値,ダウン,２０％,,,,,,,,,,,,
ラグナ・トリステサ,ガーダー,3,悲観の涙,バリア効果(中),バリア,,中,敵軍全師団攻撃値ダウン(２０％),攻撃値,ダウン,２０％,,,,,,,,
アウルゲルミルオルク,ブレイダー,4,血涙の凶霧,敵軍単体に大ダメージ,ダメージ,単体,大,敵軍全体に毒化付与(２０％),毒化付与,全体,２０％,,,,,,,,
グラシア・トリステサ,ガーダー,3,怨悲の涙,バリア効果(大),バリア,,大,敵軍全師団攻撃値ダウン(２５％),攻撃値,ダウン,２５％,,,,,,,,
アルヴィスオルク,ランサー,5,呪殺魔法トイフェル,敵軍一列に小ダメージ,ダメージ,一列,小,敵軍全師団全能力値ダウン(１５％),全能力値,ダウン,１５％,,,,,,,,
エンバーバスタード,デストロイヤー,3,焦熱の魔神霊波,敵軍全体に小ダメージ,ダメージ,全体,小,自軍１師団回復(小),回復,師団,小,敵軍全体に麻痺付与,麻痺付与,全体,,,,,
混沌の神アシェラト,キャスター,5,混沌の聖域,敵軍師団に毒化付与(２０％)+敵軍師団に中ダメージ,ダメージ,師団,中,,,,,,,,,,,,
バアルウォリアー,デストロイヤー,3,混沌斬撃,敵軍師団に中ダメージ+敵軍単体に毒化付与(２０％),ダメージ,師団,中,,,,,,,,,,,,
狂天使アラキバ,ブレイダー,4,歪みの皮甲,自軍城壁拡張(大),城壁拡張,,大,敵軍単体に大ダメージ,ダメージ,単体,大,,,,,,,,
ラグナ・ファーシル,ブレイダー,2,安楽の笑み,敵軍単体に中ダメージ,ダメージ,単体,中,フォース吸収(小),フォース,吸収,小,,,,,,,,
ヴァルファーズオルク,ブレイダー,4,血涙の毒槍,敵軍単体に大ダメージ,ダメージ,単体,大,敵軍単体に毒化付与(２０％),毒化付与,単体,２０％,,,,,,,,
グラシア・ファーシル,ブレイダー,3,怨楽の笑み,敵軍単体に大ダメージ+フォース吸収(中),ダメージ,単体,大,,,,,,,,,,,,
エンバーギガース,ガーダー,3,焦熱の炎壁,バリア効果(大),バリア,,大,敵軍全体に微ダメージ,ダメージ,全体,微,自軍１師団回復(微),回復,師団,微,,,,
スレイプニルオルク,ブレイダー,5,呪槍アンティオキア,敵軍単体に大ダメージ,ダメージ,単体,大,フォース増加(小),フォース,増加,小,,,,,,,,
炎神モート,ブレイダー,4,炎神の暴食,敵軍単体に大ダメージ+フォース吸収(中),ダメージ,単体,大,,,,,,,,,,,,
狂天使アザゼル,キャスター,5,狂乱の進軍,敵軍一列に麻痺付与,麻痺付与,一列,,敵軍全師団知力値ダウン(２５％),知力値,ダウン,２５％,,,,,,,,
エインヘリヤルオルク,ブレイダー,4,血涙の毒槍,敵軍単体に大ダメージ,ダメージ,単体,大,敵軍単体に毒化付与(２０％),毒化付与,単体,２０％,,,,,,,,
ムスペルランドオルク,ランサー,4,血涙の毒雷,敵軍一列に中ダメージ,ダメージ,一列,中,敵軍一列に毒化付与(２０％),毒化付与,一列,２０％,フォース減少(小),フォース,減少,小,,,,
ラグナ・イラ,ランサー,3,憤怒の衝撃,敵軍一列に中ダメージ,ダメージ,一列,中,敵軍城壁に中ダメージ,城壁ダメージ,,中,,,,,,,,
エンバーワーム,ブレイダー,3,焦熱の蟲竜牙,敵軍単体に大ダメージ,ダメージ,単体,大,自軍１師団回復(微),回復,師団,微,,,,,,,,
グラシア・イラ,ランサー,4,怨怒の衝撃,敵軍一列に大ダメージ,ダメージ,一列,大,敵軍城壁に大ダメージ,城壁ダメージ,,大,,,,,,,,
混沌の胤,ヒーラー,4,混沌の再生,自軍１師団蘇生(小),蘇生,師団,小,自軍１師団の状態異常を回復,状態異常回復,,,自軍１師団に１ターン絶対治療付与,絶対治療付与,,,,,,
エンバーブロブ,ヒーラー,2,焦熱の融合胚,自軍１師団蘇生(小),蘇生,師団,小,,,,,,,,,,,,
ヘイズルーンオルク,キャスター,4,血涙の呪毒,フォース増加(小),フォース,増加,小,敵軍全師団全能力値ダウン(１０％),全能力値,ダウン,１０％,敵軍全体に毒化付与(２０％),毒化付与,全体,２０％,,,,
ヘルヘイムブロブ,ヒーラー,4,冥獄の融合胚,自軍１師団蘇生(中),蘇生,師団,中,自軍１師団の状態異常を回復,状態異常回復,,,自軍１師団に１ターン絶対治療付与,絶対治療付与,,,,,,
混沌の母イドラ,キャスター,5,混沌より出でるモノ,敵軍師団に微ダメージ,ダメージ,師団,微,敵軍全体に毒化付与(１０％),毒化付与,全体,１０％,敵軍全体に呪い付与,呪い付与,全体,,,,,
グラシア・アモーレ,ヒーラー,5,怨愛の蓮,自軍１師団蘇生(中),蘇生,師団,中,自軍１師団の状態異常を回復,状態異常回復,,,自軍１師団に１ターン絶対治療付与,絶対治療付与,,,,,,