片手,1,ブロンズナイフ,致命必殺,5,,,2,0,2,0,100,200,50,
片手,1,ハチェット,カブト割,3,,,4,0,0,0,100,200,50,
片手,1,クナイ,奇襲戦法,5,,,0,0,4,0,100,200,50,
片手,1,果物ナイフ,グルメ魂,1,,,0,0,2,2,100,200,50,
片手,1,インセクトニードル,毒化攻撃,5,,,3,0,1,0,100,200,50,
片手,2,ブロンズソード,必殺増加,5,,,6,2,0,0,100,400,100,
片手,2,皮剥ぎナイフ,獣族特攻,1,,,3,0,5,0,100,400,100,
片手,2,脇差,パリング,5,,,5,0,3,0,100,400,100,
片手,2,長ドス,致命必殺,10,思考停止,,8,0,0,0,100,400,100,
片手,2,ロングソード,連携攻撃,5,,,5,3,0,0,100,400,100,
片手,3,カットラス,必殺増加,5,人間特攻,1,8,0,4,0,100,800,200,
片手,3,手投げトマホーク,遠隔攻撃,,カブト割,5,4,4,4,0,100,800,200,
片手,3,カタナ,致命必殺,25,パリング,5,12,0,0,0,100,800,200,
片手,3,蛍光刀,夜行特攻,1,奇襲警戒,8,4,6,2,0,100,800,200,
片手,3,シルバータスク,死者特攻,1,確率追撃,15,6,0,6,0,100,800,200,
片手,4,デビルスレイヤー,必殺耐性,10,魔族特攻,1,10,6,0,0,100,1600,400,
片手,4,アイスソード,凍結攻撃,15,炎霊特攻,1,8,4,0,4,100,1600,400,
片手,4,銭剣,撃破金運,4,トレハン,6,0,10,0,6,100,1600,400,
片手,4,海賊サーベル,側面攻撃,4,海洋特攻,1,12,0,4,0,100,1600,400,
片手,4,パペットソード,全力攻撃,15,連携攻撃,10,8,8,2,-2,100,1600,400,
片手,5,フレイムソード,火炎放射,10,氷霊特攻,1,16,0,0,4,100,3200,800,
片手,5,サンダーソード,雷撃放射,10,海洋特攻,1,12,0,4,4,100,3200,800,
片手,5,ナイツオブオナー,堅守体躯,10,専守防衛,,8,12,0,0,100,3200,800,
片手,5,死神赤ちゃんの鎌,必殺増加,10,心核穿ち,10,8,0,12,0,100,3200,800,
片手,5,スチールソード,カブト割,15,反撃耐性,25,10,10,0,0,100,3200,800,
片手,6,ブラッドソード,呪の一撃,,吸血攻撃,7,16,8,0,0,100,9600,2400,
片手,6,アサシンナイフ,致命必殺,50,麻痺攻撃,2,8,0,16,0,100,9600,2400,
片手,6,妖精のショーテル,側面攻撃,7,強制異常,10,8,0,10,6,100,9600,2400,
片手,6,工兵長のスパナ,自爆結界,25,器兵特攻,1,8,0,8,8,100,9600,2400,
片手,6,ドワーヴンソード,巨人狩り,20,特攻防御,20,14,14,-4,0,100,9600,2400,
片手,7,英雄の剣,多段攻撃,1,反撃耐性,40,14,8,4,2,100,19200,4800,
片手,7,獣勇士の剣,カブト割,20,堅守体躯,15,10,18,0,0,100,19200,4800,
片手,7,クレセントムーン,師団活性,12,解除攻撃,,8,0,20,0,100,19200,4800,
片手,7,悪魔医師のメス,心核穿ち,20,リバイブ,20,20,0,0,8,100,19200,4800,
片手,7,ロイヤル・レイピア,確率追撃,30,連携攻撃,20,12,0,12,4,100,19200,4800,
片手,8,ミスティルテイン,必殺増加,30,パリング,30,24,8,0,0,10,32000,8000,
片手,8,アロンダイト,乾坤一擲,50,勇猛果敢,,24,0,8,0,10,32000,8000,
片手,8,双剣・竜晶,多段攻撃,2,イベイド,25,8,0,24,0,10,32000,8000,
片手,8,妖怪任侠ドス,全力攻撃,45,側面攻撃,15,24,4,4,0,10,32000,8000,
片手,8,チタンブレード,カブト割,25,致命必殺,35,28,0,4,0,10,32000,8000,
片手,9,レーヴァテイン,巨人狩り,50,大火炎陣,12,32,8,0,0,4,64000,,
片手,9,水竜双刃,多段攻撃,2,竜の吐息,4,16,0,24,0,4,64000,,
片手,9,ミュルグレス,致命必殺,75,堅守体躯,25,22,14,0,4,4,64000,,
片手,9,雷針刃,術式増幅,10,トレハン,14,14,0,20,6,4,64000,,
片手,9,斑蛇,恐怖の瞳,20,受け流し,20,30,0,0,10,4,64000,,
片手,10,蛇王のショーテル,反撃倍加,3,無形体躯,20,24,24,0,0,4,96000,,
片手,10,風剣イヴェレン,確率追撃,100,イベイド,35,16,0,32,0,4,96000,,
片手,10,煉獄刃,次元斬撃,25,狂奔の牙,10,48,0,0,0,4,96000,,
片手,10,骨喰,虹の毒撃,20,強制異常,20,24,0,24,0,4,96000,,
片手,10,ヴェルンドヒルト,カブト割,35,武具研磨,30,32,0,10,6,4,96000,,
片手,11,ルサルカの呪剣,集約攻撃,,暴走攻撃,60,48,12,16,-16,3,128000,,
片手,11,マビノギオン,必殺増加,45,特攻防御,70,30,30,0,0,3,128000,,
片手,11,宝鍵クルタナ,次元斬撃,30,多段攻撃,2,36,12,0,12,3,128000,,
片手,11,エリムザール,全力攻撃,75,運命改変,25,40,8,12,0,3,128000,,
片手,11,極刀天尽風,疾風迅雷,15,連携攻撃,50,40,-10,30,0,3,128000,,
片手,12,不死王の細剣,死の軍勢,15,リバイブ,40,24,36,0,12,3,192000,,
片手,12,炎剣ヴァラナート,巨人狩り,75,英雄覇気,12,60,12,0,0,3,192000,,
片手,12,神剣ブルトガング,夜戦赦免,,血の起源,30,30,30,6,6,3,192000,,
片手,12,焔牛創神の灼刃,カブト割,50,反撃耐性,80,42,30,0,0,3,192000,,
片手,12,殺衣九零式ソード,心核穿ち,75,堅守体躯,30,48,24,0,0,3,192000,,
片手,13,氷刃シャリート,凍結攻撃,100,凍傷気流,20,48,12,12,12,2,256000,,
片手,13,アロンダイト改,集約攻撃,,巨人狩り,50,60,0,24,0,2,256000,,
片手,13,双雷刃バルムンク,多段攻撃,3,確率追撃,125,72,12,0,0,2,256000,,
片手,13,黒刃エリムザール,全力攻撃,150,運命改変,50,60,24,0,0,2,256000,,
片手,13,ヴェルンドヒルトΩ,全種特攻,1,武具研磨,50,64,0,12,8,2,256000,,
片手,14,黒銀の破剣,暴走攻撃,100,堅守体躯,60,60,24,16,0,1,320000,,
片手,14,真星剣クリシュナ,次元斬撃,65,多段攻撃,4,70,20,0,10,1,320000,,
片手,14,煌剣ティルナノグ,確率追撃,200,英雄覇気,40,80,20,0,0,1,320000,,
片手,14,ディーンゲイル,カブト割,75,加速進化,15,80,0,20,0,1,320000,,
片手,14,アルススレイヤー,乾坤一擲,150,連携攻撃,400,100,0,0,0,1,320000,,
両手,1,銅の大剣,致命必殺,5,,,6,0,-2,0,100,200,50,
両手,1,巨木刀,死者特攻,1,,,8,0,-4,0,100,200,50,
両手,1,鉄パイプ,全力攻撃,5,,,8,0,0,-4,100,200,50,
両手,1,巨大ハリセン,専守防衛,,,,0,0,4,0,100,200,50,
両手,1,錆びた大剣,闇雲攻撃,,,,8,-4,0,0,100,200,50,
両手,2,フランベルジュ,カブト割,5,,,12,0,-4,0,100,400,100,
両手,2,船の櫂,背水の陣,4,,,4,4,0,0,100,400,100,
両手,2,盗掘用バール,トレハン,2,,,0,0,4,4,100,400,100,
両手,2,岩石の剣,城壁構築,25,,,4,12,-8,0,100,400,100,
両手,2,いざないの笛竿,資源工面,5,標的後逸,,2,0,4,2,100,400,100,
両手,3,バスタードソード,カブト割,10,反撃耐性,10,12,6,-6,0,100,800,200,
両手,3,痣丸,暴走攻撃,50,人間特攻,1,20,-8,0,0,100,800,200,
両手,3,奉納刀,終の奇跡,5,魔族特攻,1,4,4,0,4,100,800,200,
両手,3,ノコギリ,側面攻撃,5,樹霊特攻,1,12,0,0,0,100,800,200,
両手,3,クレイモア,全力攻撃,10,パリング,10,16,-2,-2,0,100,800,200,
両手,4,ゾンビバスター,死者支配,6,死者特攻,1,12,4,0,0,100,1600,400,
両手,4,斬馬大刀,致命必殺,25,必殺増加,10,24,0,-8,0,100,1600,400,
両手,4,天使のフライパン,ブロック,10,グルメ魂,3,0,10,0,6,100,1600,400,
両手,4,ブラッドシザー,狂奔の牙,5,狂戦士化,10,24,-8,0,0,100,1600,400,
両手,4,ツヴァイハインダー,カブト割,15,貫通攻撃,,18,4,-6,0,100,1600,400,
両手,5,バジリスクの毒刃,毒化攻撃,10,毒気放射,12,20,4,0,-4,100,3200,800,
両手,5,蜘蛛切丸,反撃倍加,2,蟲族特攻,1,8,8,4,0,100,3200,800,
両手,5,ソードブレイカー,攻撃削減,10,至高の盾,10,10,10,0,0,100,3200,800,
両手,5,黄金のハリセン,撃破金運,4,トレハン,6,0,0,16,4,100,3200,800,
両手,5,ガーディアンソード,火事場力,15,堅守体躯,15,8,20,-8,0,100,3200,800,
両手,6,ギガントバスター,巨人狩り,20,反撃耐性,30,16,16,-8,0,100,9600,2400,
両手,6,にっかり青江,カブト割,15,側面攻撃,10,8,0,16,0,100,9600,2400,
両手,6,勇者の大剣,必殺増加,25,パリング,15,20,4,0,0,100,9600,2400,
両手,6,妖精の釣り竿,奇襲戦法,12,奇襲警戒,15,0,0,20,4,100,9600,2400,
両手,6,傾奇者の太刀,致命必殺,35,受け流し,15,24,-6,6,0,100,9600,2400,
両手,7,ドラゴンバスター,竜族特攻,1,堅守体躯,20,16,12,0,0,100,19200,4800,
両手,7,白刃雛菊,多段攻撃,1,側面攻撃,15,12,0,16,0,100,19200,4800,
両手,7,聖騎士の大曲刀,特攻防御,40,前進防御,,8,20,0,0,100,19200,4800,
両手,7,冷凍マグロソード,凍結攻撃,30,グルメ魂,6,36,0,-8,0,100,19200,4800,
両手,7,妖刀沙羅双樹,吸血攻撃,10,致命必殺,60,36,0,0,-8,100,19200,4800,
両手,8,斬魔刀・星辰,カブト割,25,飛行特攻,1,32,0,0,0,10,32000,8000,
両手,8,雷切,心核穿ち,25,対術結界,20,8,0,24,0,10,32000,8000,
両手,8,天叢雲,多段攻撃,2,水流砲弾,8,12,0,16,4,10,32000,8000,
両手,8,巨神の大剣,撃破金運,6,トレハン,12,8,32,-8,0,10,32000,8000,
両手,8,スラッシュブレード,カブト割,35,パリング,25,24,8,0,0,10,32000,8000,
両手,9,輝剣フォルトゥナ,心核穿ち,50,運命の輪,10,20,10,10,0,4,64000,,
両手,9,ベリサルダ,巨人狩り,35,竜族特攻,2,40,10,-10,0,4,64000,,
両手,9,ファフナー,無効喰い,20,魔族特攻,2,50,0,-10,0,4,64000,,
両手,9,太公望の釣り竿,行動阻害,1,グルメ魂,8,0,12,12,16,4,64000,,
両手,9,竜気の太刀,必殺増加,40,竜の吐息,4,40,0,0,0,4,64000,,
両手,10,雷王丸,乾坤一擲,75,大雷撃陣,12,60,-12,0,0,4,96000,,
両手,10,天叢雲・蛟,多段攻撃,3,確率追撃,50,24,0,24,0,4,96000,,
両手,10,七支刀・斬焔,集約攻撃,,多段攻撃,2,42,0,0,6,4,96000,,
両手,10,デビルメタルギター,竜歌共鳴,24,術式増幅,12,36,0,18,-6,4,96000,,
両手,10,コロッサルソード,反撃倍加,3,堅守体躯,25,34,34,-20,0,4,96000,,
両手,11,血華・雷王丸,全力攻撃,100,雷霊支配,30,80,0,-20,0,3,128000,,
両手,11,ヴォルスング,カブト割,50,十字攻撃,,40,20,0,0,3,128000,,
両手,11,ティルフィング,狂奔の牙,12,女性特攻,2,40,10,10,0,3,128000,,
両手,11,ニゲル・グラディオ,巨人狩り,75,堅守体躯,30,30,30,0,0,3,128000,,
両手,11,極刀斬天,乾坤一擲,100,特攻防御,75,50,20,-10,0,3,128000,,
両手,12,迅雷剣バルムンク,カブト割,60,全域攻撃,,60,0,12,0,3,192000,,
両手,12,暴蝕剣グラズ,次元斬撃,50,対術結界,40,48,24,0,0,3,192000,,
両手,12,祖刃ニーベルング,多段攻撃,4,英雄覇気,20,24,0,36,12,3,192000,,
両手,12,聖剣デュランダル,巨人狩り,100,運命改変,40,48,24,0,0,3,192000,,
両手,12,グラムノヴァ,全力攻撃,150,加速進化,10,48,0,24,0,3,192000,,
両手,13,天剣リディル,カブト割,50,確率追撃,125,40,24,20,0,2,256000,,
両手,13,ロードブレイズ,無効喰い,25,全域攻撃,,56,12,0,16,2,256000,,
両手,13,シャリーアの大剣,心核穿ち,75,カブト割,50,80,-16,20,0,2,256000,,
両手,13,蝕剣エクリプス,乾坤一擲,125,地形無効,,72,12,0,0,2,256000,,
両手,13,神罰大剣グングニル,集約攻撃,,致命必殺,200,64,0,20,0,2,256000,,
両手,14,セイギャールン,全種特攻,1,狂奔の牙,25,100,0,-12,12,1,320000,,
両手,14,アンドルディース,疾風迅雷,75,凍傷気流,30,80,0,20,0,1,320000,,
両手,14,竜聖剣アスカロン,軍団攻撃,2,カブト割,100,70,40,-20,10,1,320000,,
両手,14,ネルガルの屍剣,カブト割,100,狂戦士化,100,100,20,0,-20,1,320000,,
両手,14,堕神機剣グングニル,次元斬撃,50,確率追撃,150,90,0,20,-10,1,320000,,
斧槍,1,カッパースピア,全力攻撃,5,,,1,3,0,0,100,200,50,
斧槍,1,竹槍,背水の陣,2,,,0,4,0,0,100,200,50,
斧槍,1,つるはし,撃破金運,1,,,8,0,-4,0,100,200,50,
斧槍,1,モップ,奇襲警戒,3,,,0,3,0,1,100,200,50,
斧槍,1,アピールスピア,前進防御,,,,1,0,3,0,100,200,50,
斧槍,2,ロングスピア,必殺増加,5,,,2,6,0,0,100,400,100,
斧槍,2,木槌,城壁崩し,25,,,12,0,-4,0,100,400,100,
斧槍,2,騎兵軍旗,戦意高揚,10,先陣の誉,,0,6,0,2,100,400,100,
斧槍,2,巨大石斧,全力攻撃,2,グルメ魂,1,12,0,0,-4,100,400,100,
斧槍,2,シー・ハープーン,海洋特攻,1,思考停止,,6,0,2,0,100,400,100,
斧槍,3,ジャベリン,遠隔攻撃,,奇襲戦法,7,4,0,8,0,100,800,200,
斧槍,3,破城槌,カブト割,5,器兵特攻,1,18,0,-6,0,100,800,200,
斧槍,3,ナギナタ,側面攻撃,5,反撃耐性,15,6,6,0,0,100,800,200,
斧槍,3,魔界農夫のフォーク,資源工面,10,グルメ魂,2,0,8,0,4,100,800,200,
斧槍,3,ビースト・パイク,貫通攻撃,,反撃倍加,1,12,0,4,-4,100,800,200,
斧槍,4,ブライトスピア,魔族特攻,1,死者特攻,1,10,6,0,0,100,1600,400,
斧槍,4,ホーリーメイス,カブト割,10,必殺増加,5,12,0,0,4,100,1600,400,
斧槍,4,フラグマンスピア,勇猛果敢,,堅守体躯,10,8,8,0,0,100,1600,400,
斧槍,4,魔獣ハンターの銛,獣族特攻,1,海洋特攻,1,16,0,0,0,100,1600,400,
斧槍,4,メタルアックス,巨人狩り,10,パリング,10,12,12,-8,0,100,1600,400,
斧槍,5,サンダージャベリン,遠隔攻撃,,必殺増加,10,12,0,8,0,100,3200,800,
斧槍,5,悪魔の焼きごて,心核穿ち,15,火炎放射,6,20,0,0,0,100,3200,800,
斧槍,5,ゴールドマトック,撃破金運,5,トレハン,6,28,0,-8,0,100,3200,800,
斧槍,5,黄金のクワ,日中適応,,グルメ魂,4,0,14,0,6,100,3200,800,
斧槍,5,スチールランス,連携攻撃,15,堅守体躯,15,18,2,0,0,100,3200,800,
斧槍,6,人魚姫の三叉矛,師団弱体,6,戦術妨害,25,12,0,8,4,100,9600,2400,
斧槍,6,ヴァルキュレイド,聖戦の導,6,師団活性,6,6,6,6,6,100,9600,2400,
斧槍,6,振り逃げ金棒,標的後逸,,カブト割,20,16,0,16,-8,100,9600,2400,
斧槍,6,妖精のスコップ,必殺増加,15,矮小体躯,10,0,0,24,0,100,9600,2400,
斧槍,6,ライオネル・アックス,反撃倍加,2,至高の盾,10,14,14,0,-4,100,9600,2400,
斧槍,7,英雄の槍,多段攻撃,1,必殺耐性,25,16,12,0,0,100,19200,4800,
斧槍,7,斬鉄・岩融,狂奔の牙,7,カブト割,25,30,0,-6,4,100,19200,4800,
斧槍,7,デーモンシックル,強制異常,15,致命必殺,75,32,-8,0,4,100,19200,4800,
斧槍,7,デモンズアクス,全力攻撃,50,吸血攻撃,10,40,0,-12,0,100,19200,4800,
斧槍,7,ハイランダースピア,連携攻撃,35,側面攻撃,10,24,4,0,0,100,19200,4800,
斧槍,8,魔槍グラーシーザ,多段攻撃,2,パリング,30,12,0,20,0,10,32000,8000,
斧槍,8,ヘイトスクリーム,反撃倍加,3,必殺増加,20,32,12,-12,0,10,32000,8000,
斧槍,8,魔槍・業平,側面攻撃,15,致命必殺,65,36,0,-8,4,10,32000,8000,
斧槍,8,武王の蛇矛,必殺増加,25,特攻防御,30,32,0,0,0,10,32000,8000,
斧槍,8,烈士薙刀,カブト割,30,戦術強撃,35,48,0,0,-16,10,32000,8000,
斧槍,9,戦斧フレアローズ,巨人狩り,50,堅守体躯,25,20,16,0,4,4,64000,,
斧槍,9,グラディス,カブト割,40,武具研磨,50,40,8,-8,0,4,64000,,
斧槍,9,屍槍グムルス,死者支配,20,無形体躯,20,28,0,12,0,4,64000,,
斧槍,9,ビョルキリーの旗槍,多段攻撃,2,反撃耐性,50,32,0,8,0,4,64000,,
斧槍,9,フリントファグル,必殺増加,30,十字攻撃,,36,-8,12,0,4,64000,,
斧槍,10,聖槍キシャル,心核穿ち,50,特攻防御,50,32,16,0,0,4,96000,,
斧槍,10,グングニル・ミニ,確率追撃,115,トレハン,14,20,20,4,4,4,96000,,
斧槍,10,ブリーキンダベル,連携攻撃,50,確率追撃,80,16,0,32,0,4,96000,,
斧槍,10,熾天使の大鎌,乾坤一擲,80,イベイド,30,30,0,12,6,4,96000,,
斧槍,10,セイクリッド・スヴェル,反撃倍加,4,致命必殺,125,38,20,-10,0,4,96000,,
斧槍,11,天槍ニーベルング,集約攻撃,,師団指揮,16,36,0,16,8,3,128000,,
斧槍,11,極槍プロミネンス,必殺増加,40,大火炎陣,15,48,0,12,0,3,128000,,
斧槍,11,黒槍ニーベルング,カブト割,50,英雄覇気,12,54,0,6,0,3,128000,,
斧槍,11,塵灰のハルバード,狂戦士化,40,無形体躯,30,40,10,10,0,3,128000,,
斧槍,11,炎獄槍アンドヴァラ,巨人狩り,60,多段攻撃,2,50,0,0,10,3,128000,,
斧槍,12,ミョルニル,カブト割,50,致命必殺,75,72,12,-12,0,3,192000,,
斧槍,12,竜槍ラヴァム,必殺増加,50,特攻防御,90,36,36,0,0,3,192000,,
斧槍,12,告死ニーベルング,致命必殺,250,死の軍勢,20,60,0,24,-12,3,192000,,
斧槍,12,ラヴランディス,心核穿ち,100,神族支配,32,48,0,12,12,3,192000,,
斧槍,12,餓狼轟断斧,連携攻撃,100,巨人狩り,75,84,0,0,-12,3,192000,,
斧槍,13,魔戦斧アスラ,乾坤一擲,120,堅守体躯,40,72,28,0,-16,2,256000,,
斧槍,13,血槍キシャル,次元斬撃,40,確率追撃,100,48,36,0,0,2,256000,,
斧槍,13,神槍グングニル,多段攻撃,5,超神術陣,10,42,0,30,12,2,256000,,
斧槍,13,剛雷闘神斧,巨人狩り,100,無効喰い,25,100,0,-16,0,2,256000,,
斧槍,13,パニシュ・スヴェル,反撃倍加,9,必殺増加,75,64,32,-12,0,2,256000,,
斧槍,14,星斧プレアデス,巨人狩り,200,吸血攻撃,30,80,40,-20,0,1,320000,,
斧槍,14,覇装アンドヴァラ,疾風迅雷,150,英雄覇気,30,80,0,0,20,1,320000,,
斧槍,14,獄斧ヴリトラベイン,軍団攻撃,2,狂戦士化,100,120,0,-20,0,1,320000,,
斧槍,14,絶神乱舞槍,多段攻撃,6,確率追撃,150,40,0,40,20,1,320000,,
斧槍,14,終焉魔槍ヴァラナート,カブト割,100,集約攻撃,,100,0,-10,10,1,320000,,
射撃,1,スリング,速度削減,2,遠隔攻撃,,2,0,2,0,100,200,50,
射撃,1,短弓,攻撃削減,2,遠隔攻撃,,1,0,3,0,100,200,50,
射撃,1,爆竹,奇襲戦法,3,専守防衛,,0,3,1,0,100,200,50,
射撃,1,ダーツ,トレハン,2,遠隔攻撃,,0,0,4,0,100,200,50,
射撃,1,手投げ爆弾,自決自爆,10,遠隔攻撃,,4,0,0,0,100,200,50,
射撃,2,拳銃,必殺増加,5,遠隔攻撃,,8,0,0,0,100,400,100,
射撃,2,クロスボウ,防御削減,3,遠隔攻撃,,4,0,4,0,100,400,100,
射撃,2,手裏剣,致命必殺,10,遠隔攻撃,,2,0,6,0,100,400,100,
射撃,2,吹き矢,毒化攻撃,5,遠隔攻撃,,4,4,0,0,100,400,100,
射撃,2,火吹き用キャンドル,竜の吐息,1,遠隔攻撃,,2,0,0,2,100,400,100,
射撃,3,猟銃,グルメ魂,2,獣族特攻,1,12,0,0,0,100,800,200,
射撃,3,ロングボウ,必殺増加,10,防御削減,4,8,0,4,0,100,800,200,
射撃,3,ポルンゴＮ６６６,自決自爆,25,反撃倍加,1,20,-8,0,0,100,800,200,
射撃,3,カタパルト投石機,カブト割,10,城壁崩し,30,24,0,-12,0,100,800,200,
射撃,3,衛士の拳銃,ブロック,10,側面攻撃,5,10,0,2,0,100,800,200,
射撃,4,ブライトガン,魔族特攻,1,死者特攻,1,12,0,0,4,100,1600,400,
射撃,4,ウィングキラー,飛行弱体,4,飛行特攻,1,4,0,12,0,100,1600,400,
射撃,4,大砲,全力攻撃,25,火炎砲弾,3,36,0,-20,0,100,1600,400,
射撃,4,殺虫スプレー,標的後逸,,蟲族特攻,1,8,-8,16,0,100,1600,400,
射撃,4,パペットマスケット,連携攻撃,15,イベイド,10,12,0,4,0,100,1600,400,
射撃,5,ファイアーボア,カブト割,15,大火炎陣,5,18,0,0,2,100,3200,800,
射撃,5,ダブルバレルガン,多段攻撃,1,確率追撃,15,12,0,8,0,100,3200,800,
射撃,5,螺旋手裏剣,致命必殺,40,必殺増加,10,4,0,16,0,100,3200,800,
射撃,5,幸運のダーツ,撃破金運,5,トレハン,6,0,14,0,6,100,3200,800,
射撃,5,サブマシンガン,確率追撃,40,戦術妨害,15,16,0,4,0,100,3200,800,
射撃,6,ピットヴァイパー,反撃倍加,2,大毒気陣,5,32,0,0,-8,100,9600,2400,
射撃,6,ホルンカＭ９９９,必殺増加,15,側面攻撃,15,12,0,12,0,100,9600,2400,
射撃,6,ドリルガン,心核穿ち,20,海洋特攻,1,24,0,0,0,100,9600,2400,
射撃,6,妖精の吹き矢,解除攻撃,,矮小体躯,10,-6,0,30,0,100,9600,2400,
射撃,6,ドワーヴンマスケット,全力攻撃,30,巨人狩り,15,32,0,-8,0,100,9600,2400,
射撃,7,コメットガン,カブト割,20,致命必殺,30,24,0,0,4,100,19200,4800,
射撃,7,エースボウ,確率追撃,75,トレハン,10,10,0,18,0,100,19200,4800,
射撃,7,ゴーレムバズーカ,乾坤一擲,35,堅守体躯,15,48,0,-20,0,100,19200,4800,
射撃,7,覚醒メガホン,術式増幅,10,戦術妨害,30,16,12,0,0,100,19200,4800,
射撃,7,竜牙の弩弓,連携攻撃,40,竜の吐息,4,20,0,8,0,100,19200,4800,
射撃,8,魔銃ディザスター,カブト割,30,大雷撃陣,8,34,0,-8,6,10,32000,8000,
射撃,8,サジタリスボウ,多段攻撃,2,必殺増加,10,12,0,16,4,10,32000,8000,
射撃,8,エルヴン・ボウ,標的後逸,,イベイド,25,20,0,12,0,10,32000,8000,
射撃,8,エーテルクロスボウ,麻痺攻撃,2,対術結界,30,0,24,0,8,10,32000,8000,
射撃,8,スラッシュガン,確率追撃,65,貫通攻撃,,24,0,8,0,10,32000,8000,
射撃,9,Ｓ弓矢アロー,グルメ魂,7,前進防御,,12,36,0,-8,4,64000,,
射撃,9,プロメテウス,多段攻撃,2,全力攻撃,30,24,0,8,8,4,64000,,
射撃,9,オラクルの神弓,平等治癒,12,神族活性,20,18,0,16,6,4,64000,,
射撃,9,ウルフズベイン,必殺増加,30,毒気放射,30,28,0,12,0,4,64000,,
射撃,9,ホーリーブラスター,全力攻撃,75,十字攻撃,,40,0,-8,8,4,64000,,
射撃,10,エーテルシュート,反撃倍加,3,堅守体躯,30,24,36,-12,0,4,96000,,
射撃,10,乖離双星,多段攻撃,4,師団活性,10,28,0,12,8,4,96000,,
射撃,10,死限の祭祀書,虹の毒撃,20,強制異常,20,32,0,0,16,4,96000,,
射撃,10,フェイルノート,心核穿ち,60,大雷撃陣,12,28,0,16,4,4,96000,,
射撃,10,機巧弓ダインスレイヴ,カブト割,30,致命必殺,60,52,0,-4,0,4,96000,,
射撃,11,スコルソール,乾坤一擲,80,飛行特攻,1,40,0,20,0,3,128000,,
射撃,11,星銃アルタイル,必殺増加,30,心核穿ち,50,40,10,0,10,3,128000,,
射撃,11,死冥の砲典,魔術砲弾,25,砲撃結界,50,80,0,-20,0,3,128000,,
射撃,11,ガストラフェテス,封印攻撃,,対術結界,50,24,24,0,12,3,128000,,
射撃,11,メルティ・ガトリング,多段攻撃,2,確率追撃,115,70,-20,10,0,3,128000,,
射撃,12,天羽々矢,次元斬撃,30,トレハン,20,52,0,20,0,3,192000,,
射撃,12,ガイアプロメテア,超強酸砲,10,腐敗の繭,20,56,0,0,16,3,192000,,
射撃,12,スーパーノヴァ,全域攻撃,,無効喰い,20,100,0,-28,0,3,192000,,
射撃,12,造天使の神砲,多段攻撃,4,狂奔の牙,10,72,30,-30,0,3,192000,,
射撃,12,フラゲルム・デイ,全力攻撃,125,カブト割,35,64,-8,16,0,3,192000,,
射撃,13,ブリーシンガメン,戦術妨害,80,戦術補助,80,64,0,10,10,2,256000,,
射撃,13,重砲エキドナ,集約攻撃,,カブト割,45,114,0,-30,0,2,256000,,
射撃,13,プロメテウスΩ,巨人狩り,50,確率追撃,125,56,0,16,12,2,256000,,
射撃,13,残月の神弓,挑発行為,,強制異常,40,48,0,36,0,2,256000,,
射撃,13,魔天使の愛弓,心核穿ち,150,魅了攻撃,2,70,-6,20,0,2,256000,,
射撃,14,乖離双星・滅,次元斬撃,50,カブト割,50,100,0,15,-15,1,320000,,
射撃,14,ソーマブラスター,暴走攻撃,100,巨人狩り,125,100,-16,0,16,1,320000,,
射撃,14,始原の闇の塊,次元斬撃,40,軍団攻撃,2,150,0,0,-50,1,320000,,
射撃,14,ファルスカノン,多段攻撃,6,加速進化,10,100,35,-35,0,1,320000,,
射撃,14,ブレスガン,全種特攻,1,竜の吐息,24,120,0,-20,0,1,320000,,
杖,1,魔術師の杖,火炎放射,3,遠隔攻撃,,2,0,0,2,100,200,50,
杖,1,僧侶の杖,全体治癒,1,専守防衛,,0,2,0,2,100,200,50,
杖,1,麺棒,グルメ魂,1,,,1,1,1,1,100,200,50,
杖,1,とりもちの杖,戦術妨害,5,,,0,2,1,1,100,200,50,
杖,1,松明,樹霊弱体,2,火炎放射,1,1,1,0,2,100,200,50,
杖,2,メイジスタッフ,氷撃放射,5,遠隔攻撃,,5,0,0,3,100,400,100,
杖,2,孫の手,麻痺治療,,,,2,2,2,2,100,400,100,
杖,2,ピコピコハンマー,トレハン,3,知力削減,2,3,0,3,2,100,400,100,
杖,2,釘バット,致命必殺,10,,,8,-1,0,1,100,400,100,
杖,2,仕込み錫杖,神術放射,3,奇襲戦法,5,5,3,0,0,100,400,100,
杖,3,仙人の杖,全体治癒,3,解毒治療,,0,4,4,4,100,800,200,
杖,3,骸骨杖,魔族医療,5,呪の一撃,,8,-4,0,4,100,800,200,
杖,3,ウィングロッド,遠隔攻撃,,自爆結界,15,6,0,3,3,100,800,200,
杖,3,聖なるハンドベル,バリアー,3,致命耐性,20,0,8,0,4,100,800,200,
杖,3,神秘の杖,確率追撃,15,特攻防御,10,3,0,0,5,100,800,200,
杖,4,司祭の杖,全体治癒,5,削減治療,,0,6,5,5,100,1600,400,
杖,4,戦術羽うちわ,師団活性,5,奇襲警戒,15,5,0,6,5,100,1600,400,
杖,4,戦闘魔導杖,必殺増加,10,魔術放射,10,12,-3,4,3,100,1600,400,
杖,4,デビルフライ返し,グルメ魂,3,反撃倍加,2,4,4,4,4,100,1600,400,
杖,4,パペットケイン,大魔術陣,3,封印攻撃,,8,4,0,4,100,1600,400,
杖,5,黄金の麺棒,グルメ魂,4,トレハン,6,5,5,5,5,100,3200,800,
杖,5,ゴールドセプター,運命改変,10,撃破金運,5,-2,12,5,5,100,3200,800,
杖,5,ブラストロッド,全力攻撃,20,自決自爆,30,16,-6,6,4,100,3200,800,
杖,5,如意棒,側面攻撃,5,カブト割,15,8,0,12,0,100,3200,800,
杖,5,エルダーケイン,戦術強撃,25,戦術結界,25,14,0,0,6,100,3200,800,
杖,6,癒しの杖,全体治癒,10,専守防衛,,0,14,0,10,100,9600,2400,
杖,6,禁術師の杖,致命必殺,35,強制異常,10,12,-10,16,6,100,9600,2400,
杖,6,毒蛇王の錫杖,大毒気陣,5,腐敗の繭,10,6,6,6,6,100,9600,2400,
杖,6,マジカル鉄アレイ,堅守体躯,15,前進防御,,20,9,-10,5,100,9600,2400,
杖,6,フェアリータクト,連携攻撃,20,戦術妨害,20,6,0,12,6,100,9600,2400,
杖,7,クリスタルティア,全体治癒,9,聖戦の導,5,0,12,4,12,100,19200,4800,
杖,7,ウィザードケイン,大魔術陣,9,対術結界,30,4,0,12,12,100,19200,4800,
杖,7,魔杖ウンディーネ,大強酸陣,7,標的後逸,,24,-4,0,8,100,19200,4800,
杖,7,魔女の箒,心核穿ち,25,イベイド,20,10,0,10,8,100,19200,4800,
杖,7,サキュバス・サイズ,側面攻撃,13,多段攻撃,1,24,0,4,0,100,19200,4800,
杖,8,魔導杖エルメス,必殺増加,20,四法結界,15,14,0,6,12,10,32000,8000,
杖,8,バッドムーン,致命必殺,77,トレハン,12,20,0,6,6,10,32000,8000,
杖,8,トリアイナ,確率追撃,80,戦術補助,40,14,10,0,8,10,32000,8000,
杖,8,エーテルタクト,連携攻撃,40,戦術結界,40,12,0,12,8,10,32000,8000,
杖,8,カースドゲフィオン,師団支配,12,結界の歪,15,20,0,0,12,10,32000,8000,
杖,9,ケリュケイオン,大雷撃陣,13,平等治癒,13,10,0,16,14,4,64000,,
杖,9,ゲオルギウスミニ,雷撃砲弾,10,矮小体躯,20,8,0,24,8,4,64000,,
杖,9,ジミーハンマー,兵士運搬,,堅守体躯,25,25,25,-10,0,4,64000,,
杖,9,熾天使の鍵杖,封印攻撃,,至高の盾,20,0,30,0,10,4,64000,,
杖,9,杖剣ニーベルング,必殺増加,30,リバイブ,35,24,0,8,8,4,64000,,
杖,10,アシュケロン,大魔術陣,13,四法結界,20,0,0,32,16,4,96000,,
杖,10,月天の雫,平等治癒,13,対術結界,45,0,30,0,18,4,96000,,
杖,10,神杖クヴァーシル,神族支配,24,行動増加,1,20,20,0,8,4,96000,,
杖,10,蛇杖オフィテス,虹の毒撃,20,強制異常,20,36,0,0,12,4,96000,,
杖,10,グローアルーン,追撃阻止,30,イベイド,30,16,16,8,8,4,96000,,
杖,11,アンサラー,反撃倍加,5,特攻防御,70,24,36,0,0,3,128000,,
杖,11,バズウ・カタ,カブト割,50,夜行支配,40,36,0,16,8,3,128000,,
杖,11,封杖アンドヴァラ,火炎砲弾,13,師団支配,24,12,0,32,16,3,128000,,
杖,11,クルダーハ,超神術陣,8,術式増幅,15,32,0,16,12,3,128000,,
杖,11,女天狗之錫杖,確率追撃,120,戦術強撃,50,32,0,20,8,3,128000,,
杖,12,宝杖グリムルーン,軍団指揮,10,トレハン,18,0,16,40,16,3,192000,,
杖,12,グリンブルスティ,集約攻撃,,巨人狩り,35,54,18,0,0,3,192000,,
杖,12,魔杖グリムルーン,軍団支配,20,トレハン,18,40,16,0,16,3,192000,,
杖,12,フリギアの賢杖,バリアー,8,グルメ魂,9,0,60,0,12,3,192000,,
杖,12,クラウンゲフィオン,致命必殺,300,挑発行為,,42,0,42,-12,3,192000,,
杖,13,魔杖ルチーフェロ,側面攻撃,50,強制異常,50,24,0,48,12,2,256000,,
杖,13,悪鬼轟羅棍,心核穿ち,50,カブト割,50,72,12,0,0,2,256000,,
杖,13,神杖ゲオルギウス,竜の吐息,12,全力攻撃,150,54,12,0,18,2,256000,,
杖,13,黒杖クルダーハ,超強酸陣,10,四法結界,30,54,0,10,20,2,256000,,
杖,13,屍蝕の暗黒鎌,次元斬撃,40,多段攻撃,3,72,0,12,0,2,256000,,
杖,14,獄界の大鎌,乾坤一擲,125,無効喰い,30,80,0,16,4,1,320000,,
杖,14,宿業の円環,超雷撃陣,25,運命の輪,30,48,28,0,24,1,320000,,
杖,14,神杖ウルク,次元斬撃,75,停止攻撃,50,60,0,30,10,1,320000,,
杖,14,グラガンナの牙杖,致命必殺,666,死の軍勢,30,124,-48,0,24,1,320000,,
杖,14,万象之理杖,追撃阻止,100,範囲無効,,100,0,-20,20,1,320000,,
鞭,1,レザーベルト,矮小体躯,2,,,2,0,2,0,100,200,50,
鞭,1,調教鞭,人間支配,2,,,3,0,1,0,100,200,50,
鞭,1,ネコジャラシの鞭,奇襲戦法,3,先陣の誉,,1,0,3,0,100,200,50,
鞭,1,砕石袋,撃破金運,1,,,5,-1,0,0,100,200,50,
鞭,1,雑草束,リカバリ,2,,,0,0,4,0,100,200,50,
鞭,2,ヌンチャク,パリング,5,,,4,0,4,0,100,400,100,
鞭,2,イバラ鞭,毒化攻撃,7,,,5,0,3,0,100,400,100,
鞭,2,キャットテイル,イベイド,3,思考停止,,2,2,2,2,100,400,100,
鞭,2,呪いの濡れ雑巾,戦術妨害,5,遠隔攻撃,,6,-4,6,0,100,400,100,
鞭,2,くすぐり羽,不殺の誓,,標的後逸,,0,0,6,2,100,400,100,
鞭,3,鎖鎌,側面攻撃,3,樹霊特攻,1,8,0,4,0,100,800,200,
鞭,3,スパイクベルト,全力攻撃,10,防御削減,7,10,4,-2,0,100,800,200,
鞭,3,若草の鞭,自己治癒,5,対術結界,5,0,4,4,4,100,800,200,
鞭,3,バトルヨーヨー,遠隔攻撃,,カブト割,10,8,0,4,0,100,800,200,
鞭,3,悪魔のしっぽ,人間特攻,1,結界の歪,5,8,0,2,2,100,800,200,
鞭,4,フレイル,防御布陣,10,パリング,10,10,6,0,0,100,1600,400,
鞭,4,成仏の数珠,死者特攻,1,死者支配,6,8,8,-4,4,100,1600,400,
鞭,4,アイドルリボン,師団活性,5,トレハン,4,0,0,8,8,100,1600,400,
鞭,4,デッドリーケンダマ,必殺増加,10,奇襲戦法,10,10,0,6,0,100,1600,400,
鞭,4,火焔鳥の羽,リカバリ,15,イベイド,10,12,0,0,4,100,1600,400,
鞭,5,雷撃鉄球,城壁崩し,60,雷撃砲弾,3,16,0,0,4,100,3200,800,
鞭,5,愛の鞭,反撃倍加,2,特攻防御,30,8,0,6,6,100,3200,800,
鞭,5,触腕,男性活性,8,女性特攻,1,9,2,9,0,100,3200,800,
鞭,5,多節棍,多段攻撃,1,堅守体躯,10,12,-4,12,0,100,3200,800,
鞭,5,ブレイズウィップ,致命必殺,40,自爆結界,20,14,0,6,0,100,3200,800,
鞭,6,妖精のしっぽ,側面攻撃,8,巨人狩り,10,8,0,8,8,100,9600,2400,
鞭,6,女王様の鞭,男性特攻,1,必殺増加,25,14,-4,10,4,100,9600,2400,
鞭,6,コメットスター,カブト割,15,反撃耐性,25,20,8,-4,0,100,9600,2400,
鞭,6,クラーケンのゲソ,確率追撃,40,グルメ魂,5,8,0,16,0,100,9600,2400,
鞭,6,妖精蝶の羽,矮小体躯,10,イベイド,20,12,0,6,6,100,9600,2400,
鞭,7,チャンピオンの証,扇形攻撃,,必殺増加,15,10,10,8,0,100,19200,4800,
鞭,7,雷公鞭,乾坤一擲,25,大雷撃陣,7,12,0,6,10,100,19200,4800,
鞭,7,マスターヌンチャク,パリング,20,連携攻撃,35,14,0,14,0,100,19200,4800,
鞭,7,エンジェルチェーン,封印攻撃,,対術結界,25,0,8,12,8,100,19200,4800,
鞭,7,テイマーズウィップ,連携攻撃,35,麻痺攻撃,2,20,0,4,4,100,19200,4800,
鞭,8,ドラゴンテイル,竜の吐息,5,竜歌共鳴,12,32,0,0,0,10,32000,8000,
鞭,8,レルネイ,多段攻撃,2,師団活性,12,10,6,16,0,10,32000,8000,
鞭,8,触主の触腕,女性特攻,1,確率追撃,88,16,0,16,0,10,32000,8000,
鞭,8,コローニアの触槌,カブト割,25,無形体躯,20,20,12,0,0,10,32000,8000,
鞭,8,キマイラの毒尾,巨人狩り,25,毒化攻撃,20,24,0,8,0,10,32000,8000,
鞭,9,ローズウィップ,多段攻撃,2,側面攻撃,15,10,20,20,-10,4,64000,,
鞭,9,ナインテールＬＢ,女性弱体,20,女性特攻,2,24,16,0,0,4,64000,,
鞭,9,ヘルズヘイム,狂奔の牙,15,凍傷気流,10,30,0,10,0,4,64000,,
鞭,9,デュアルウィップ,確率追撃,100,魔術砲弾,9,20,0,20,0,4,64000,,
鞭,9,ブレイズスター,反撃倍加,3,自決自爆,60,32,8,0,0,4,64000,,
鞭,10,花女王の触腕,リカバリ,40,堅守体躯,25,0,48,0,0,4,96000,,
鞭,10,スヴァティ,大氷撃陣,12,全域攻撃,,24,0,16,8,4,96000,,
鞭,10,触手王の触腕,女性特攻,2,全力攻撃,50,32,0,16,0,4,96000,,
鞭,10,リンリンアーム,多段攻撃,3,無形体躯,25,24,24,0,0,4,96000,,
鞭,10,融合式竜尾,カブト割,35,パリング,50,32,16,8,-8,4,96000,,
鞭,11,グレイプニール,魅了攻撃,2,軍団活性,10,24,0,24,12,3,128000,,
鞭,11,影皇帝のむち,撃破金運,8,トレハン,16,12,0,40,8,3,128000,,
鞭,11,触手姫の触腕,男性特攻,2,カブト割,40,32,12,12,4,3,128000,,
鞭,11,影の凶刃,心核穿ち,60,特攻防御,60,30,20,10,0,3,128000,,
鞭,11,雷鎖剛球,必殺増加,25,巨人狩り,50,60,0,0,0,3,128000,,
鞭,12,ウロボロスの鞭,回帰治癒,20,堅守体躯,40,14,50,0,8,3,192000,,
鞭,12,神荊リンドヴルム,確率追撃,100,カブト割,40,40,0,32,0,3,192000,,
鞭,12,フォトンスレッド,次元斬撃,25,確率追撃,100,48,24,0,0,3,192000,,
鞭,12,月神の蛇血,多段攻撃,4,反撃耐性,50,48,12,0,12,3,192000,,
鞭,12,鞭角ミストルテイル,連携攻撃,100,側面攻撃,40,42,0,24,6,3,192000,,
鞭,13,禁獣神鞭,心核穿ち,75,狂奔の牙,20,84,0,0,0,2,256000,,
鞭,13,触神の御手,全種特攻,1,致命必殺,50,64,0,0,20,2,256000,,
鞭,13,深淵の姫の触腕,対術結界,50,無形体躯,40,48,14,14,8,2,256000,,
鞭,13,始原獣の触腕,巨人狩り,50,確率追撃,150,70,30,0,-16,2,256000,,
鞭,13,竜牙剣ファングテイル,疾風迅雷,25,カブト割,50,72,0,12,0,2,256000,,
鞭,14,暗獄鞭,軍団攻撃,2,無効喰い,35,120,-20,0,0,1,320000,,
鞭,14,エリキシルの光鎖,次元斬撃,50,多段攻撃,5,70,0,20,10,1,320000,,
鞭,14,開闢の触腕,確率追撃,494,無貌の血,,25,25,25,25,1,320000,,
鞭,14,冥神の竜血,暴走攻撃,100,特攻防御,100,100,20,-40,20,1,320000,,
鞭,14,オブリビオン・エッジ,カブト割,75,確率追撃,150,130,0,0,-30,1,320000,,
爪,1,クロー,必殺増加,2,,,2,1,1,0,100,200,50,
爪,1,カッパーネイル,致命必殺,5,,,2,2,0,0,100,200,50,
爪,1,職人手袋,撃破金運,1,,,0,0,4,0,100,200,50,
爪,1,猫の手,全体治癒,2,,,0,0,2,2,100,200,50,
爪,1,防刃グローブ,致命耐性,10,,,0,4,0,0,100,200,50,
爪,2,ボーンクロー,毒化攻撃,7,,,4,0,4,0,100,400,100,
爪,2,獣の爪牙,カブト割,5,,,3,0,5,0,100,400,100,
爪,2,スパイクグローブ,全力攻撃,7,,,5,0,3,0,100,400,100,
爪,2,パンチグローブ,反撃耐性,7,,,4,2,2,0,100,400,100,
爪,2,アウトローグローブ,特攻防御,5,標的後逸,,4,4,0,0,100,400,100,
爪,3,シルバークロー,必殺増加,5,対術障壁,30,8,0,4,0,100,800,200,
爪,3,暴獣の爪牙,人間特攻,1,暴走攻撃,50,12,-4,4,0,100,800,200,
爪,3,メタルナックル,器兵特攻,1,反撃倍加,1,6,6,0,0,100,800,200,
爪,3,マジックハンド,側面攻撃,6,奇襲戦法,6,0,4,4,4,100,800,200,
爪,3,ロボットアーム,カブト割,10,パリング,5,8,8,0,-4,100,800,200,
爪,4,ホーリークロー,魔族特攻,1,死者特攻,1,6,4,0,6,100,1600,400,
爪,4,魔獣の爪牙,致命必殺,25,麻痺攻撃,2,14,-6,8,0,100,1600,400,
爪,4,メリケンサック,必殺増加,10,反撃耐性,20,10,0,6,0,100,1600,400,
爪,4,ドリルアーム,全力攻撃,15,城壁崩し,50,12,4,0,0,100,1600,400,
爪,4,パイルバンカー,器兵特攻,1,乾坤一擲,25,20,0,-4,0,100,1600,400,
爪,5,ゴールドクロー,恐怖の瞳,10,撃破金運,5,12,0,8,0,100,3200,800,
爪,5,幻獣の爪牙,側面攻撃,7,呪の一撃,,10,-5,15,0,100,3200,800,
爪,5,マカナＫ５００,カブト割,15,特攻防御,25,12,4,4,0,100,3200,800,
爪,5,ゴールドグローブ,運命改変,10,トレハン,6,0,0,20,0,100,3200,800,
爪,5,スチールガントレット,ブロック,15,パリング,15,4,16,0,0,100,3200,800,
爪,6,ミスリルクロー,必殺増加,15,対術結界,15,16,4,4,0,100,9600,2400,
爪,6,腐毒竜の爪牙,毒化攻撃,15,反撃倍加,2,22,-10,22,-10,100,9600,2400,
爪,6,亡者の手,強制異常,10,吸血攻撃,7,8,0,16,0,100,9600,2400,
爪,6,吹雪熊の爪,致命必殺,45,確率追撃,30,16,4,10,-6,100,9600,2400,
爪,6,パワーグローブ,巨人狩り,15,全力攻撃,25,30,0,-6,0,100,9600,2400,
爪,7,オリハルコンの爪,カブト割,25,パリング,20,20,4,4,0,100,19200,4800,
爪,7,地獄の蟹爪,必殺耐性,20,堅守体躯,15,8,20,0,0,100,19200,4800,
爪,7,英雄の拳,確率追撃,50,反撃耐性,40,12,4,12,0,100,19200,4800,
爪,7,雷獣の爪,多段攻撃,1,大雷撃陣,7,8,0,20,0,100,19200,4800,
爪,7,ロイヤル鍋つかみ,グルメ魂,5,トレハン,10,12,0,12,4,100,19200,4800,
爪,8,エスピリトクロー,乾坤一擲,35,武具研磨,30,20,6,6,0,10,32000,8000,
爪,8,ヴァリアント腕甲,心核穿ち,25,巨人狩り,25,16,10,6,0,10,32000,8000,
爪,8,慟哭の拳,専守防衛,,堅守体躯,25,6,26,0,0,10,32000,8000,
爪,8,ジェットフィスト,全力攻撃,45,イベイド,25,18,-4,18,0,10,32000,8000,
爪,8,エーテルガントレット,連携攻撃,40,パリング,30,24,8,0,0,10,32000,8000,
爪,9,イシリアルクロー,魔族特攻,2,特攻防御,50,24,0,10,6,4,64000,,
爪,9,アガートラーム,反撃倍加,3,至高の盾,20,10,30,0,0,4,64000,,
爪,9,異獣の蟹爪,必殺耐性,50,前進防御,,20,20,0,0,4,64000,,
爪,9,クローピック,多段攻撃,2,側面攻撃,15,14,0,20,6,4,64000,,
爪,9,ヒートクロー,必殺増加,25,自爆結界,35,32,8,0,0,4,64000,,
爪,10,竜王の爪牙,乾坤一擲,50,竜王守護,75,32,16,0,0,4,96000,,
爪,10,艦爪ナグルファル,魔術砲弾,10,堅守体躯,30,0,48,0,0,4,96000,,
爪,10,ドグマの右足,カブト割,25,致命必殺,40,32,16,0,0,4,96000,,
爪,10,ケメトスクロー,巨人狩り,50,反撃耐性,70,36,0,12,0,4,96000,,
爪,10,ヨトゥンナックル,全力攻撃,40,乾坤一擲,60,60,12,-24,0,4,96000,,
爪,11,昏虹のビブレスト,強制異常,30,虹の毒撃,30,24,0,36,0,3,128000,,
爪,11,応龍爪,多段攻撃,3,竜の吐息,6,36,0,18,6,3,128000,,
爪,11,神爪リンドヴルム,十字攻撃,,確率追撃,125,48,0,8,4,3,128000,,
爪,11,狼神の炎爪,心核穿ち,60,武具研磨,50,52,0,0,8,3,128000,,
爪,11,ドレイクバングル,受け流し,25,リカバリ,60,32,0,24,4,3,128000,,
爪,12,ビッグバン,トレハン,18,集約攻撃,,96,0,-20,0,3,192000,,
爪,12,暗獄の魔爪,無効喰い,20,全域攻撃,,72,-16,24,-8,3,192000,,
爪,12,ヤルングレイプル,カブト割,60,武具研磨,60,52,20,0,0,3,192000,,
爪,12,マルダークの轟炎拳,反撃倍加,5,堅守体躯,45,36,60,-24,0,3,192000,,
爪,12,幻狼手甲,追撃阻止,40,イベイド,50,52,4,16,0,3,192000,,
爪,13,獄竜の手甲,次元障壁,30,無形体躯,40,70,30,-16,0,2,256000,,
爪,13,バロールの巨拳,巨人狩り,100,堅守体躯,35,68,16,0,0,2,256000,,
爪,13,シャリーアの爪牙,確率追撃,150,狂奔の牙,20,100,0,0,-16,2,256000,,
爪,13,ザグレウスの変異爪,多段攻撃,4,吸血攻撃,20,80,-16,24,-4,2,256000,,
爪,13,フロッティゲイル,心核穿ち,150,竜王守護,150,76,16,0,-8,2,256000,,
爪,14,アイリスの聖手,カブト割,60,乾坤一擲,255,84,0,0,16,1,320000,,
爪,14,ニーズヘグクロー,次元斬撃,50,多段攻撃,3,120,0,-20,0,1,320000,,
爪,14,災厄の魔神爪,集約攻撃,,加速進化,20,100,-24,36,-12,1,320000,,
爪,14,狂乱の冥竜爪,全力攻撃,300,狂戦士化,100,130,-20,0,-10,1,320000,,
爪,14,血晶邪竜爪,カブト割,150,凍傷気流,30,100,20,0,-20,1,320000,,
盾,1,バックラー,ブロック,2,,,0,4,0,0,100,200,50,
盾,1,なべのふた,トレハン,1,,,1,1,1,1,100,200,50,
盾,1,ウッドシールド,反撃耐性,5,,,1,3,0,0,100,200,50,
盾,1,まな板,グルメ魂,1,,,2,2,0,0,100,200,50,
盾,1,作業籠,資源工面,5,標的後逸,,0,0,4,0,100,200,50,
盾,2,シールド,ブロック,4,,,2,6,0,0,100,400,100,
盾,2,鉄鍋,グルメ魂,2,,,0,5,0,3,100,400,100,
盾,2,置き盾,イベイド,4,専守防衛,,0,6,2,0,100,400,100,
盾,2,ちゃぶ台の盾,パリング,7,,,8,0,0,0,100,400,100,
盾,2,マリンシールド,水流放射,5,,,0,4,4,0,100,400,100,
盾,3,カイトシールド,ブロック,6,削減治療,,0,8,4,0,100,800,200,
盾,3,樹海部族の盾,術式増幅,3,必殺耐性,5,0,4,4,4,100,800,200,
盾,3,灯火の盾,火炎放射,5,奇襲警戒,7,6,3,0,3,100,800,200,
盾,3,ソードシールド,反撃倍加,1,必殺増加,5,10,10,-8,0,100,800,200,
盾,3,ファングシールド,報復の牙,10,致命必殺,25,12,4,0,-4,100,800,200,
盾,4,ホーリーシールド,解呪治療,,対術結界,15,3,10,3,0,100,1600,400,
盾,4,鬼面の盾,致命耐性,25,堅守体躯,10,8,8,0,0,100,1600,400,
盾,4,バイキングの盾,撃破金運,3,トレハン,5,4,8,4,0,100,1600,400,
盾,4,ティンベー,ブロック,10,カブト割,10,0,20,-4,0,100,1600,400,
盾,4,騎士の盾,パリング,15,特攻防御,15,0,16,0,0,100,1600,400,
盾,5,ゴールドシールド,戦術結界,20,撃破金運,4,0,16,4,0,100,3200,800,
盾,5,黄金の鉄鍋,グルメ魂,4,解毒治療,,0,16,0,4,100,3200,800,
盾,5,スパイクシールド,必殺増加,15,反撃耐性,25,8,12,0,0,100,3200,800,
盾,5,ライオットシールド,堅守体躯,15,砲撃結界,20,0,12,8,0,100,3200,800,
盾,5,スチールシールド,ブロック,15,必殺耐性,10,2,18,0,0,100,3200,800,
盾,6,ミスリルシールド,防御布陣,15,四法結界,10,4,16,4,0,100,9600,2400,
盾,6,魔界コックの鍋蓋,貫通無効,,反撃倍加,2,4,14,0,6,100,9600,2400,
盾,6,妖精騎士の盾,イベイド,15,前進防御,,0,12,12,0,100,9600,2400,
盾,6,ヘブンウールシェル,無形体躯,15,特攻防御,30,-8,24,4,4,100,9600,2400,
盾,6,ドワーヴンシールド,巨人狩り,20,堅守体躯,15,0,30,-6,0,100,9600,2400,
盾,7,英雄の盾,扇形無効,,パリング,20,4,20,4,0,100,19200,4800,
盾,7,エースバックラー,特攻防御,35,ブロック,20,5,15,5,3,100,19200,4800,
盾,7,スクトゥム,専守防衛,,堅守体躯,25,8,30,-10,0,100,19200,4800,
盾,7,貝殻女王の盾,パリング,20,必殺耐性,20,0,24,0,4,100,19200,4800,
盾,7,ハイランダーシールド,万能抗体,25,異常耐性,,8,20,0,0,100,19200,4800,
盾,8,巨神の盾,撃破金運,6,トレハン,12,16,32,-16,0,10,32000,8000,
盾,8,グランドアンカー,反撃倍加,3,堅守体躯,25,0,24,8,0,10,32000,8000,
盾,8,クルセイドシェル,自爆結界,30,特攻防御,50,6,20,6,0,10,32000,8000,
盾,8,螺旋盤,術式増幅,10,多段攻撃,1,0,20,12,0,10,32000,8000,
盾,8,オーガシールド,巨人狩り,20,致命必殺,40,24,24,0,-16,10,32000,8000,
盾,9,アイギスの盾,必殺耐性,30,パリング,35,0,32,0,8,4,64000,,
盾,9,至高の究極の鍋蓋,受け流し,20,四法結界,15,0,24,12,4,4,64000,,
盾,9,ブラックシェル,必殺増加,30,ブロック,30,10,30,0,0,4,64000,,
盾,9,ジュエルシールド,対術反射,25,必殺耐性,40,20,20,0,0,4,64000,,
盾,9,エレメントシェル,追撃阻止,25,絶対治療,,0,30,0,10,4,64000,,
盾,10,デスマスクシェル,心核穿ち,40,恐怖の瞳,30,36,12,0,0,4,96000,,
盾,10,聖盾アンシェラ,至高の盾,25,遠隔無効,,0,32,8,8,4,96000,,
盾,10,覇王大帝の鉄鍋,グルメ魂,7,師団指揮,10,24,24,0,0,4,96000,,
盾,10,ビョルキリーの盾,確率追撃,80,無形体躯,30,12,30,6,0,4,96000,,
盾,10,コロッサルシールド,砲撃結界,50,竜の吐息,5,0,60,-12,0,4,96000,,
盾,11,神光の盾,神魔体躯,10,追撃阻止,35,0,50,0,10,3,128000,,
盾,11,ユグドラシルの盾,四法結界,25,リバイブ,50,0,36,12,12,3,128000,,
盾,11,無垢なる手,特攻防御,75,戦術結界,60,30,20,0,10,3,128000,,
盾,11,エメディウス,必殺増加,35,至高の盾,30,30,30,0,0,3,128000,,
盾,11,ブレイブシールド,多段攻撃,2,正々堂々,,20,20,20,0,3,128000,,
盾,12,次元神の宝盾,次元斬撃,30,次元障壁,30,0,30,30,12,3,192000,,
盾,12,竜盾シルティス,至高の盾,50,全域無効,,24,42,0,6,3,192000,,
盾,12,フォートリンデ,バリアー,10,特攻防御,100,32,40,0,0,3,192000,,
盾,12,焔牛創神の盾,カブト割,40,狂奔の牙,10,54,18,0,0,3,192000,,
盾,12,スヴェル・シールド,必殺増加,50,反撃倍加,6,18,54,0,0,3,192000,,
盾,13,ヤーラルホーン,心核穿ち,60,師団支配,30,12,60,6,6,2,256000,,
盾,13,ダークアイギス,次元障壁,40,堅守体躯,35,48,36,0,0,2,256000,,
盾,13,禁獣神の牙盾,巨人狩り,50,狂奔の牙,12,70,14,0,0,2,256000,,
盾,13,黒盾エメディウス,集約攻撃,,至高の盾,40,48,32,4,0,2,256000,,
盾,13,メイデン・シールド,受け流し,40,恐怖の瞳,40,24,72,0,-12,2,256000,,
盾,14,極夜の盾,回帰治癒,20,範囲無効,,50,50,0,0,1,320000,,
盾,14,覇者の盾,堅守体躯,50,範囲無効,,40,40,10,10,1,320000,,
盾,14,魔盾アンシェラ,至高の盾,50,堅守体躯,40,64,30,6,0,1,320000,,
盾,14,ファルスフィールド,次元障壁,75,四法結界,50,-30,130,0,0,1,320000,,
盾,14,ダークマタ・シールド,受け流し,50,神魔体躯,15,0,100,20,-20,1,320000,,
鎧,1,いっちょうら,トレハン,1,,,0,2,0,2,100,200,50,
鎧,1,腰蓑,攻撃布陣,2,,,2,0,2,0,100,200,50,
鎧,1,獣人の腰帯,奇襲警戒,3,,,2,1,1,0,100,200,50,
鎧,1,木の鎧,反撃耐性,5,,,0,3,1,0,100,200,50,
鎧,1,銅板の前掛け,グルメ魂,1,,,0,4,0,0,100,200,50,
鎧,2,油塗れの鎧,イベイド,7,,,-2,4,6,0,100,400,100,
鎧,2,チェインメイル,パリング,7,,,0,8,0,0,100,400,100,
鎧,2,スケイルアーマー,竜鱗守護,10,,,4,4,0,0,100,400,100,
鎧,2,足軽の鎧,必殺増加,5,,,6,2,0,0,100,400,100,
鎧,2,スプリントメイル,特攻防御,5,,,2,6,0,0,100,400,100,
鎧,3,プレートアーマー,堅守体躯,5,必殺耐性,10,6,10,-4,0,100,800,200,
鎧,3,魔物メイル,防御布陣,5,自己治癒,5,0,8,4,0,100,800,200,
鎧,3,シルバーチェイン,パリング,10,対術障壁,30,4,8,0,0,100,800,200,
鎧,3,肉襦袢,受け流し,10,無形体躯,5,8,8,-4,0,100,800,200,
鎧,3,バイキングメイル,側面攻撃,5,撃破金運,3,6,6,0,0,100,800,200,
鎧,4,ホーリーアーマー,堅守体躯,10,解呪治療,,0,12,0,4,100,1600,400,
鎧,4,大魔物メイル,致命必殺,15,堅守体躯,10,0,12,4,0,100,1600,400,
鎧,4,武芸者の胴丸,カブト割,10,反撃耐性,15,10,6,0,0,100,1600,400,
鎧,4,亀甲羅の鎧,ブロック,10,竜鱗守護,30,0,16,0,0,100,1600,400,
鎧,4,コボルド具足,連携攻撃,10,城壁構築,25,6,10,0,0,100,1600,400,
鎧,5,ゴールドアーマー,砲撃結界,20,トレハン,8,0,20,-4,4,100,3200,800,
鎧,5,デモンズメイル,必殺増加,10,全力攻撃,15,8,16,0,-4,100,3200,800,
鎧,5,スパイクアーマー,致命必殺,30,反撃倍加,2,14,10,-4,0,100,3200,800,
鎧,5,カラクリ忍者鎧,乾坤一擲,25,側面攻撃,5,0,8,12,0,100,3200,800,
鎧,5,スチールアーマー,必殺耐性,15,堅守体躯,10,2,18,0,0,100,3200,800,
鎧,6,ミスリルアーマー,万能抗体,20,四法結界,10,0,20,4,0,100,9600,2400,
鎧,6,南方騎士の鎧,対術結界,20,男性活性,6,0,16,8,0,100,9600,2400,
鎧,6,妖精騎士の鎧,至高の盾,10,奇襲警戒,10,0,4,16,4,100,9600,2400,
鎧,6,般若武者の鎧,巨人狩り,20,背水の陣,12,18,12,0,-6,100,9600,2400,
鎧,6,ドワーヴンアーマー,パリング,20,堅守体躯,15,6,24,-6,0,100,9600,2400,
鎧,7,英雄の鎧,貫通無効,,受け流し,15,4,24,0,0,100,19200,4800,
鎧,7,魔将の鎧,扇形無効,,特攻防御,30,16,20,-8,0,100,19200,4800,
鎧,7,Ｋプロテクター,前進防御,,リカバリ,35,0,28,0,0,100,19200,4800,
鎧,7,天界兵の鎧,異常耐性,,堅守体躯,20,0,8,16,4,100,19200,4800,
鎧,7,武王の胴丸,カブト割,20,連携攻撃,20,22,10,-4,0,100,19200,4800,
鎧,8,巨神の鎧,撃破金運,6,トレハン,12,22,30,-20,0,10,32000,8000,
鎧,8,竜紋の甲冑,乾坤一擲,50,竜鱗守護,100,12,20,0,0,10,32000,8000,
鎧,8,ゴーレムスーツ,遠隔攻撃,,全力攻撃,60,20,22,-10,0,10,32000,8000,
鎧,8,サイバーアーマー,多段攻撃,1,致命必殺,30,14,14,0,4,10,32000,8000,
鎧,8,ヴァルキリーメイル,聖戦の導,10,師団活性,15,0,24,4,4,10,32000,8000,
鎧,9,ハリケーンメイル,パリング,25,イベイド,40,0,12,28,0,4,64000,,
鎧,9,幽鬼将の鎧,致命必殺,90,死の軍勢,10,30,20,-10,0,4,64000,,
鎧,9,ネフティス将軍服,狂奔の牙,12,師団指揮,10,24,12,0,4,4,64000,,
鎧,9,リンリンアーマー,受け流し,30,無形体躯,30,20,0,20,0,4,64000,,
鎧,9,嵐将の羽根鎧,連携攻撃,20,多段攻撃,2,0,16,24,0,4,64000,,
鎧,10,クリムゾンメイル,師団活性,15,自爆結界,50,20,20,0,8,4,96000,,
鎧,10,竜王の鎧,巨人狩り,35,竜王守護,75,16,32,0,0,4,96000,,
鎧,10,エリキシルメイル,反撃倍加,3,師団支配,20,12,24,0,12,4,96000,,
鎧,10,祝福の鎧,四法結界,20,堅守体躯,30,16,32,0,0,4,96000,,
鎧,10,竜戦士の鎧,カブト割,40,反撃耐性,60,12,36,0,0,4,96000,,
鎧,11,不死鳥の鎧,自決自爆,75,リカバリ,75,0,48,6,6,3,128000,,
鎧,11,桜花華竜公主甲冑,集約攻撃,,十字無効,,32,16,12,0,3,128000,,
鎧,11,焔王戦着,全域無効,,炎霊活性,50,48,12,0,0,3,128000,,
鎧,11,神炎勇者の鎧,必殺増加,45,勇猛果敢,,16,32,12,0,3,128000,,
鎧,11,ドラゴニック・ドレス,聖戦の導,25,竜王守護,100,20,40,0,0,3,128000,,
鎧,12,光輝の神鎧,至高の盾,30,神魔体躯,10,24,40,8,0,3,192000,,
鎧,12,黒鬼将の鎧,特攻防御,60,堅守体躯,35,24,48,0,0,3,192000,,
鎧,12,獄雷隷嬢の戦着,確率追撃,115,トレハン,18,48,12,20,-8,3,192000,,
鎧,12,獄炎勇者の鎧,心核穿ち,40,狂奔の牙,15,48,24,0,0,3,192000,,
鎧,12,勇士の聖鎧,全力攻撃,100,火事場力,100,8,48,8,8,3,192000,,
鎧,13,魔戦后の神鎧,カブト割,55,神魔体躯,15,24,48,12,0,2,256000,,
鎧,13,魔竜王の軍服,多段攻撃,4,竜の吐息,8,36,24,24,0,2,256000,,
鎧,13,シャリーアの鎧,次元障壁,40,狂戦士化,60,48,48,0,-12,2,256000,,
鎧,13,英雄王の鎧,乾坤一擲,100,英雄覇気,20,36,36,6,6,2,256000,,
鎧,13,阿修羅戦着,確率追撃,100,致命必殺,100,30,50,0,4,2,256000,,
鎧,14,魔神王の鎧,対術結界,75,堅守体躯,92,52,72,-24,0,1,320000,,
鎧,14,黒皇の鎧,集約攻撃,,範囲無効,,30,70,0,0,1,320000,,
鎧,14,メルトセゲル鎧甲,次元障壁,60,回帰治癒,30,0,120,-40,20,1,320000,,
鎧,14,冥王の鎧,無形体躯,50,堅守体躯,75,50,70,-20,0,1,320000,,
鎧,14,獄炎の鬼帝鎧,必殺増加,255,致命必殺,255,70,50,0,-20,1,320000,,
獣装,1,手綱,専守防衛,,,,0,0,3,1,100,200,50,
獣装,1,獣のピアス,獣族活性,1,,,3,1,0,0,100,200,50,
獣装,1,襟巻,致命耐性,10,,,2,2,0,0,100,200,50,
獣装,1,老獣の入れ牙,致命必殺,3,,,2,0,2,0,100,200,50,
獣装,1,獣皮のストール,特攻防御,3,,,0,2,2,0,100,200,50,
獣装,2,魔界ペットの服,自己治癒,2,,,2,4,0,2,100,400,100,
獣装,2,鉄輪の鼻輪,反撃耐性,7,,,4,4,0,0,100,400,100,
獣装,2,アイアンホーン,全力攻撃,8,,,6,0,2,0,100,400,100,
獣装,2,タケノコ帽子,奇襲戦法,6,グルメ魂,1,2,0,6,0,100,400,100,
獣装,2,服従の首輪,思考停止,,報復の牙,5,6,6,0,-4,100,400,100,
獣装,3,怪牛の鼻輪,致命必殺,15,攻撃布陣,4,8,4,0,0,100,800,200,
獣装,3,魔獣用軟膏,必殺増加,10,解毒治療,,0,4,4,4,100,800,200,
獣装,3,吊り人参,前進防御,,全力攻撃,15,4,0,8,0,100,800,200,
獣装,3,魔獣の襟巻,カブト割,8,必殺耐性,10,4,4,4,0,100,800,200,
獣装,3,ケンコー骨,ブロック,5,リカバリ,10,0,12,0,0,100,800,200,
獣装,4,イビルホーン,全力攻撃,20,人間特攻,1,12,4,4,-4,100,1600,400,
獣装,4,スパイクショルダー,反撃倍加,1,堅守体躯,10,8,12,-4,0,100,1600,400,
獣装,4,魔界風鈴,自爆結界,15,削減治療,,0,4,8,4,100,1600,400,
獣装,4,触手男爵の帽子,確率追撃,25,グルメ魂,3,4,0,12,0,100,1600,400,
獣装,4,女王蟲の羽飾り,強酸放射,10,無形体躯,10,0,0,16,0,100,1600,400,
獣装,5,ビーストスケイル,パリング,10,致命耐性,30,4,16,0,0,100,3200,800,
獣装,5,牽引戦車,乾坤一擲,15,兵士運搬,,0,8,12,0,100,3200,800,
獣装,5,マタドールマント,イベイド,15,追撃阻止,15,8,8,4,0,100,3200,800,
獣装,5,黄金の入れ牙,カブト割,15,トレハン,6,15,0,0,5,100,3200,800,
獣装,5,黄金獣皮のストール,撃破金運,5,特攻防御,25,0,10,10,0,100,3200,800,
獣装,6,ジゴク野ネズミ,必殺増加,15,獣族特攻,1,8,8,8,0,100,9600,2400,
獣装,6,暴獣の足かせ,反撃倍加,2,致命必殺,50,16,16,-8,0,100,9600,2400,
獣装,6,妖精の手綱,側面攻撃,10,矮小体躯,15,0,6,12,6,100,9600,2400,
獣装,6,いたわりの櫛,全体治癒,5,勇猛果敢,,0,16,8,0,100,9600,2400,
獣装,6,妖樹の香木,大強酸陣,5,腐敗の繭,10,0,8,0,8,100,9600,2400,
獣装,7,ドラゴンスケイル,竜鱗守護,75,自爆結界,25,10,25,0,-7,100,19200,4800,
獣装,7,英雄の鞍,多段攻撃,1,堅守体躯,15,12,12,4,0,100,19200,4800,
獣装,7,ミミックハウス,撃破金運,6,トレハン,12,0,20,0,8,100,19200,4800,
獣装,7,魔界ペットハウス,兵士運搬,,戦意高揚,100,-2,30,0,0,100,19200,4800,
獣装,7,キマイラの翼,確率追撃,50,イベイド,20,4,4,20,0,100,19200,4800,
獣装,8,騎竜王の鞍,特攻防御,45,前進防御,,8,16,8,0,10,32000,8000,
獣装,8,炎のたてがみ,大火炎陣,8,自爆結界,35,20,0,8,4,10,32000,8000,
獣装,8,ドラゴンヘッド,乾坤一擲,50,竜の吐息,5,16,16,0,0,10,32000,8000,
獣装,8,デスファング,虹の毒撃,15,大毒気陣,10,8,4,20,0,10,32000,8000,
獣装,8,竜の逆鱗,竜鱗守護,75,致命必殺,75,24,8,0,0,10,32000,8000,
獣装,9,デビル獅子舞,撃破金運,7,トレハン,16,24,0,16,0,4,64000,,
獣装,9,聖獣の金冠,異常耐性,,全体治癒,10,16,16,0,8,4,64000,,
獣装,9,聖獣のたてがみ,神魔体躯,5,四法結界,15,16,8,16,0,4,64000,,
獣装,9,麒麟の雷角,心核穿ち,40,雷撃砲弾,10,32,0,8,0,4,64000,,
獣装,9,悪食の珊瑚翼,受け流し,25,必殺耐性,20,8,24,8,0,4,64000,,
獣装,10,デスホースの鼻輪,無形体躯,25,堅守体躯,25,36,12,0,0,4,96000,,
獣装,10,九頭龍の冠,巨人狩り,25,確率追撃,80,30,10,0,8,4,96000,,
獣装,10,宝石獣の甲羅,トレハン,20,対術反射,25,0,48,0,0,4,96000,,
獣装,10,でいだらの抱え山,城壁構築,800,堅守体躯,30,48,48,-48,0,4,96000,,
獣装,10,邪眼の眼帯,恐怖の瞳,20,必殺増加,30,18,12,12,6,4,96000,,
獣装,11,邪竜のヒゲ,大強酸陣,13,側面無効,,60,0,0,0,3,128000,,
獣装,11,禁獣の封冠,確率追撃,120,特攻防御,60,48,-12,24,0,3,128000,,
獣装,11,極楽浄土ノネズミ,全域無効,,平等治癒,15,0,0,60,0,3,128000,,
獣装,11,星神の霊翼,多段攻撃,3,超毒気砲,5,42,0,42,-24,3,128000,,
獣装,11,血蟲女王の羽飾り,吸血攻撃,15,反撃倍加,5,24,12,24,0,3,128000,,
獣装,12,マグナホーン,カブト割,35,巨人狩り,50,60,12,0,0,3,192000,,
獣装,12,獄紋装甲,狂奔の牙,20,無形体躯,45,36,60,-24,0,3,192000,,
獣装,12,神竜のヒゲ,バリアー,10,神魔体躯,10,36,0,24,12,3,192000,,
獣装,12,鯨神の金鎧,大水流陣,25,自爆結界,60,24,48,0,0,3,192000,,
獣装,12,凍華の結晶飾り,凍傷気流,20,万能抗体,75,18,36,12,6,3,192000,,
獣装,13,バハムートホーン,集約攻撃,,乾坤一擲,100,72,0,0,12,2,256000,,
獣装,13,獄竜の水晶核,巨人狩り,120,堅守体躯,40,60,24,0,0,2,256000,,
獣装,13,ラーの神翼,バリアー,12,リバイブ,75,24,24,24,12,2,256000,,
獣装,13,ジグラード・コア,次元障壁,40,範囲無効,,36,36,0,12,2,256000,,
獣装,13,神竜の逆鱗,神魔体躯,15,竜の吐息,10,48,36,0,0,2,256000,,
獣装,14,テスラの封冠,超強酸砲,10,トレハン,24,48,48,-20,24,1,320000,,
獣装,14,ディミルギアコア,軍団弱体,50,決戦領域,,60,60,0,-20,1,320000,,
獣装,14,魔神王の竜角,無効喰い,50,確率追撃,150,120,0,-20,0,1,320000,,
獣装,14,世界樹竜の宝玉角,次元斬撃,40,カブト割,50,80,40,-20,0,1,320000,,
獣装,14,血晶邪竜双角,確率追撃,150,心核穿ち,100,100,30,0,-30,1,320000,,
法衣,1,ボロきれ,速度布陣,2,,,0,1,2,1,100,200,50,
法衣,1,見習いローブ,魔術放射,1,専守防衛,,0,1,1,2,100,200,50,
法衣,1,レザーベスト,撃破金運,1,,,1,1,0,2,100,200,50,
法衣,1,原始人のベスト,グルメ魂,1,,,3,0,0,1,100,200,50,
法衣,1,ひも水着,背水の陣,2,先陣の誉,,0,0,4,0,100,200,50,
法衣,2,ローブ,魔術砲弾,1,,,0,5,0,3,100,400,100,
法衣,2,盗人の外套,奇襲戦法,3,トレハン,2,3,0,5,0,100,400,100,
法衣,2,料理エプロン,グルメ魂,2,,,0,5,0,3,100,400,100,
法衣,2,みのぼうし,自爆障壁,10,氷霊活性,2,0,5,3,0,100,400,100,
法衣,2,テンタクルス浮き輪,パリング,5,,,0,2,6,0,100,400,100,
法衣,3,神官のローブ,全体治癒,2,解毒治療,,0,4,4,4,100,800,200,
法衣,3,魔術師のローブ,大魔術陣,2,対術結界,10,4,4,0,4,100,800,200,
法衣,3,下忍装束,致命必殺,25,奇襲戦法,6,4,0,8,0,100,800,200,
法衣,3,スケープコート,リカバリ,10,標的後逸,,0,-8,16,4,100,800,200,
法衣,3,ジェリー・マント,受け流し,10,無形体躯,5,4,4,4,0,100,800,200,
法衣,4,ノルニルローブ,全体治癒,3,解呪治療,,0,8,4,4,100,1600,400,
法衣,4,軍師のケープ,危機管理,10,師団活性,5,10,0,0,6,100,1600,400,
法衣,4,サーコート,前進防御,,堅守体躯,10,0,16,0,0,100,1600,400,
法衣,4,クピドの白衣,運命改変,7,魅了攻撃,1,0,10,0,6,100,1600,400,
法衣,4,コボルド忍装束,必殺耐性,10,反撃倍加,2,0,4,12,0,100,1600,400,
法衣,5,ゴールドローブ,撃破金運,3,トレハン,9,8,12,0,0,100,3200,800,
法衣,5,アサシンクローク,側面攻撃,5,致命必殺,45,20,0,0,0,100,3200,800,
法衣,5,料理長エプロン,グルメ魂,4,削減治療,,0,0,14,6,100,3200,800,
法衣,5,魔界ナース服,男性特攻,1,心核穿ち,15,12,0,0,8,100,3200,800,
法衣,5,試練の水着,全力攻撃,25,背水の陣,10,0,0,16,4,100,3200,800,
法衣,6,闇司祭のローブ,大強酸陣,5,腐敗の繭,10,14,0,4,6,100,9600,2400,
法衣,6,上忍装束,必殺増加,15,確率追撃,35,12,0,12,0,100,9600,2400,
法衣,6,フェザー商会の服,撃破金運,6,イベイド,15,0,0,18,6,100,9600,2400,
法衣,6,妖精のポンチョ,側面攻撃,10,矮小体躯,15,0,0,24,0,100,9600,2400,
法衣,6,パラサイト・マント,受け流し,20,追撃阻止,20,8,8,8,0,100,9600,2400,
法衣,7,聖女の法衣,全体治癒,8,四法結界,10,0,16,6,6,100,19200,4800,
法衣,7,魔界メンズコート,大魔術陣,9,女性特攻,1,16,4,0,8,100,19200,4800,
法衣,7,鉄輪一座の服,報復の牙,15,カブト割,20,24,0,0,4,100,19200,4800,
法衣,7,死神のドレス,多段攻撃,1,無形体躯,20,18,0,10,0,100,19200,4800,
法衣,7,竜少女のコート,巨人狩り,25,竜の吐息,3,10,12,6,0,100,19200,4800,
法衣,8,白夜の星屑,自決自爆,75,全力攻撃,50,42,-20,10,0,10,32000,8000,
法衣,8,錬金術師のローブ,撃破金運,7,トレハン,16,0,8,16,8,10,32000,8000,
法衣,8,ドラゴンメイド服,心核穿ち,40,戦意高揚,50,20,12,0,0,10,32000,8000,
法衣,8,夜刀くノ一装束,確率追撃,75,イベイド,25,16,0,16,0,10,32000,8000,
法衣,8,ブロッサム・コート,聖戦の導,10,師団指揮,10,0,20,8,4,10,32000,8000,
法衣,9,ネメシアローブ,魔族医療,15,リバイブ,25,24,8,0,8,4,64000,,
法衣,9,アドミラルコート,師団指揮,10,武具研磨,40,15,0,15,10,4,64000,,
法衣,9,魔導大公のローブ,乾坤一擲,50,戦術結界,30,24,0,10,6,4,64000,,
法衣,9,翡翠の精霊法衣,大神術陣,12,術式増幅,12,20,0,8,12,4,64000,,
法衣,9,魔賢老のローブ,魔術砲弾,12,結界の歪,15,16,0,12,12,4,64000,,
法衣,10,グリザーニドレス,次元斬撃,25,魔族活性,15,32,0,8,8,4,96000,,
法衣,10,八卦陰陽装束,遠隔無効,,大神術陣,13,12,0,24,12,4,96000,,
法衣,10,花蓮装束,多段攻撃,2,堅守体躯,25,24,24,0,0,4,96000,,
法衣,10,光の司教法衣,反撃倍加,3,特攻防御,50,24,12,0,12,4,96000,,
法衣,10,オブザーバー・ドレス,星天支配,20,凍傷気流,20,0,24,12,12,4,96000,,
法衣,11,ニヴェルネの霊衣,四法結界,25,終の奇跡,30,14,30,0,16,3,128000,,
法衣,11,次元王のマント,次元障壁,40,対術結界,50,0,30,18,12,3,128000,,
法衣,11,魔学者のローブ,心核穿ち,80,師団支配,16,30,0,20,10,3,128000,,
法衣,11,菫青の魔術法衣,超毒気陣,10,腐敗の繭,20,32,0,12,16,3,128000,,
法衣,11,殺戮ピエロスーツ,必殺増加,40,追撃阻止,40,28,0,40,-8,3,128000,,
法衣,12,大魔王のマント,巨人狩り,60,致命必殺,60,48,16,0,8,3,192000,,
法衣,12,暗獄のコート,カブト割,50,魔族支配,20,60,0,12,0,3,192000,,
法衣,12,メディーナの霊衣,器兵支配,30,リバイブ,50,24,24,12,12,3,192000,,
法衣,12,月神のドレス,軍団治癒,7,バリアー,14,30,30,0,12,3,192000,,
法衣,12,リーパー・コート,次元斬撃,30,致命必殺,75,48,0,24,0,3,192000,,
法衣,13,天轟聖竜のローブ,竜の吐息,15,竜王守護,150,48,24,0,12,2,256000,,
法衣,13,封魔王のマント,集約攻撃,,堅守体躯,40,24,48,12,0,2,256000,,
法衣,13,絶対神のローブ,多段攻撃,4,神族支配,40,48,0,20,16,2,256000,,
法衣,13,太陽の神衣,四法結界,35,トレハン,22,14,48,8,14,2,256000,,
法衣,13,大神聖衣,次元障壁,30,神魔体躯,10,36,36,12,0,2,256000,,
法衣,14,テスタメント,前進防御,,運命の輪,40,40,40,20,0,1,320000,,
法衣,14,創世の神衣,停止攻撃,40,軍団支配,40,40,40,0,20,1,320000,,
法衣,14,極夜の神衣,範囲無効,,地形無効,,20,60,0,20,1,320000,,
法衣,14,星海の冥衣,死の軍勢,50,日中赦免,,60,20,0,20,1,320000,,
法衣,14,漆黒神衣,疾風迅雷,40,神魔体躯,15,64,12,24,0,1,320000,,
装飾,1,鼻ピアス,必殺増加,1,,,3,1,0,0,100,200,50,
装飾,1,貝のイヤリング,戦意高揚,5,,,0,0,3,1,100,200,50,
装飾,1,伊達メガネ,知力布陣,2,,,3,0,0,1,100,200,50,
装飾,1,ベルトポーチ,撃破金運,1,,,0,2,2,0,100,200,50,
装飾,1,学院徽章,人間活性,1,,,0,2,0,2,100,200,50,
装飾,2,ピエロ帽子,戦術強撃,3,先陣の誉,,0,0,6,2,100,400,100,
装飾,2,メスヤーキの守り,リカバリ,3,,,0,8,0,0,100,400,100,
装飾,2,空賊のゴーグル,奇襲警戒,7,,,0,0,8,0,100,400,100,
装飾,2,鉄の腕輪,カブト割,3,,,6,2,0,0,100,400,100,
装飾,2,悪夢のアイマスク,恐怖の瞳,2,専守防衛,,-4,12,0,0,100,400,100,
装飾,3,魔術師の指輪,魔術放射,8,対術結界,10,8,0,0,4,100,800,200,
装飾,3,涙石のイヤリング,撃破金運,3,自己治癒,5,0,6,4,2,100,800,200,
装飾,3,火器制御チップ,致命必殺,20,竜の吐息,1,20,-8,0,0,100,800,200,
装飾,3,魔法の水筒,グルメ魂,2,解毒治療,,0,10,0,2,100,800,200,
装飾,3,クラウンレンズ,必殺増加,5,戦術補助,5,2,8,0,2,100,800,200,
装飾,4,魔性の首飾り,乾坤一擲,15,狂戦士化,5,24,0,0,-8,100,1600,400,
装飾,4,枢機卿の聖帽,全体治癒,5,砲撃結界,15,0,8,4,4,100,1600,400,
装飾,4,演算サポメイド,カブト割,10,運命改変,10,0,0,8,8,100,1600,400,
装飾,4,エーテルタンク,全力攻撃,10,自決自爆,25,10,6,0,0,100,1600,400,
装飾,4,星のブローチ,終の奇跡,10,バリアー,4,0,4,6,6,100,1600,400,
装飾,5,ウィッチ・ハット,必殺増加,10,四法結界,5,16,0,0,4,100,3200,800,
装飾,5,金のモーターギア,疾風迅雷,5,暴走攻撃,50,0,0,20,0,100,3200,800,
装飾,5,ベヒモス車掌帽,師団活性,6,夜戦適応,,6,10,0,4,100,3200,800,
装飾,5,トレジャーボックス,撃破金運,5,トレハン,8,0,14,0,6,100,3200,800,
装飾,5,豪華な王冠,戦意高揚,50,騎士支配,8,0,4,10,6,100,3200,800,
装飾,6,ハンター・ベレー,遠隔攻撃,,飛行特攻,1,8,0,16,0,100,9600,2400,
装飾,6,ガードチャーム,自己治癒,5,特攻防御,40,0,20,0,4,100,9600,2400,
装飾,6,ガンナードローン,多段攻撃,1,側面攻撃,5,16,0,8,0,100,9600,2400,
装飾,6,魔導通信機,火炎砲弾,7,奇襲警戒,15,12,0,0,12,100,9600,2400,
装飾,6,死神のコサージュ,致命必殺,35,巨人狩り,20,24,0,0,0,100,9600,2400,
装飾,7,ダンスシューズ,確率追撃,40,イベイド,25,4,0,20,0,100,19200,4800,
装飾,7,魔封石,魔族支配,12,兵士運搬,,12,0,12,4,100,19200,4800,
装飾,7,アルラウネフラワー,反撃耐性,40,堅守体躯,20,4,24,0,0,100,19200,4800,
装飾,7,タクティカストッカー,狂奔の牙,12,術式増幅,7,12,12,0,4,100,19200,4800,
装飾,7,ドッペルマスク,無貌の血,,受け流し,30,4,0,18,6,100,19200,4800,
装飾,8,竜のホワイトブリム,多段攻撃,2,カブト割,15,4,0,24,4,10,32000,8000,
装飾,8,楓のお面,グルメ魂,6,トレハン,14,12,12,2,6,10,32000,8000,
装飾,8,般若の印籠,必殺増加,25,致命必殺,25,24,8,0,0,10,32000,8000,
装飾,8,悪魔司祭の聖帽,終の奇跡,20,リバイブ,25,12,12,0,8,10,32000,8000,
装飾,8,天女の羽衣,危機管理,25,飛行活性,10,0,8,16,8,10,32000,8000,
装飾,9,ミラーフィールド,砲撃反射,30,バリアー,8,0,40,0,0,4,64000,,
装飾,9,魔導帽グラッドアイ,乾坤一擲,50,側面無効,,30,0,0,10,4,64000,,
装飾,9,黒騎士の宝冠,至高の盾,20,前進防御,,10,30,0,0,4,64000,,
装飾,9,エリキシルチャージ,全力攻撃,50,自決自爆,65,20,0,20,0,4,64000,,
装飾,9,オブザーバー・リボン,矮小体躯,20,凍傷気流,15,0,12,16,12,4,64000,,
装飾,10,フェルストーン,全体治癒,15,絶対治療,,0,36,0,12,4,96000,,
装飾,10,欲望の仮面,無形体躯,25,堅守体躯,25,24,16,0,8,4,96000,,
装飾,10,海賊姫の帽子,巨人狩り,50,トレハン,18,32,16,0,0,4,96000,,
装飾,10,夜刀の聖冠,対術結界,40,戦術結界,35,0,24,12,12,4,96000,,
装飾,10,餓狼のフード,必殺増加,30,側面攻撃,20,40,0,20,-12,4,96000,,
装飾,11,魔導竜の帽子,大魔術陣,12,自爆結界,50,32,0,12,16,3,128000,,
装飾,11,秘石のペンダント,平等治癒,14,術式増幅,20,0,40,10,10,3,128000,,
装飾,11,演算サポドクター,多段攻撃,3,運命の輪,10,0,0,42,18,3,128000,,
装飾,11,ソーマエンジン,カブト割,20,疾風迅雷,20,12,0,48,0,3,128000,,
装飾,11,女天狗のかんざし,確率追撃,100,追撃阻止,25,12,0,36,12,3,128000,,
装飾,12,傾界九尾の帽子,獣族支配,40,四法結界,25,36,24,0,12,3,192000,,
装飾,12,不死身の球根,無形体躯,40,リカバリ,50,0,72,0,0,3,192000,,
装飾,12,自律兵器アルゴス,全域攻撃,,巨人狩り,60,60,0,12,0,3,192000,,
装飾,12,彼岸花の髪飾り,致命必殺,150,反撃倍加,4,44,0,12,16,3,192000,,
装飾,12,七星宝冠,必殺増加,40,心核穿ち,50,36,0,24,12,3,192000,,
装飾,13,封魔王の冠,次元障壁,40,堅守体躯,40,48,24,0,12,2,256000,,
装飾,13,召神翼,次元斬撃,35,超神術砲,10,32,14,24,14,2,256000,,
装飾,13,ラグーンキューブ,回帰治癒,25,トレハン,24,36,36,0,12,2,256000,,
装飾,13,嵐竜創神の羽衣,多段攻撃,5,イベイド,40,48,0,36,0,2,256000,,
装飾,13,天魔聖冠,カブト割,50,確率追撃,125,48,12,24,0,2,256000,,
装飾,14,始祖竜の結界石,範囲無効,,次元障壁,60,20,64,0,16,1,320000,,
装飾,14,真装ラグナロク,次元斬撃,50,軍団攻撃,2,100,0,-20,20,1,320000,,
装飾,14,世界崩壊スイッチ,軍団攻撃,2,暴走攻撃,96,130,-30,0,0,1,320000,,
装飾,14,太陽創神の聖冠,血の起源,50,夜戦赦免,,60,0,30,10,1,320000,,
装飾,14,アウズンブラの聖冠,全種特攻,1,吸血攻撃,30,30,50,0,20,1,320000,,
道具,1,救急カバン,全体治癒,1,,,0,0,2,2,100,200,50,
道具,1,強力解毒剤,解毒治療,,サボリ癖,,0,3,0,1,100,200,50,
道具,1,マヒトール草,自己治癒,2,麻痺治療,,0,2,2,0,100,200,50,
道具,1,じゃんけんセット,背水の陣,2,,,1,1,1,1,100,200,50,
道具,1,火薬粉末,全力攻撃,2,自決自爆,2,3,0,0,1,100,200,50,
道具,2,魔界消毒剤,削減治療,,狂戦士化,3,0,6,0,2,100,400,100,
道具,2,占いオーブ,運命の輪,1,星天活性,3,0,0,6,2,100,400,100,
道具,2,偵察レンズ,奇襲戦法,4,奇襲警戒,4,0,0,8,0,100,400,100,
道具,2,ダウジングロッド,撃破金運,2,,,2,2,2,2,100,400,100,
道具,2,キャンプセット,グルメ魂,2,専守防衛,,0,8,0,0,100,400,100,
道具,3,矢筒,遠隔攻撃,,確率追撃,15,4,0,8,0,100,800,200,
道具,3,炸裂弾,城壁崩し,35,自決自爆,15,16,-4,0,0,100,800,200,
道具,3,徒弟のグリモア,魔術放射,8,対術結界,10,4,4,0,4,100,800,200,
道具,3,魔法のランプ,グルメ魂,3,撃破金運,3,4,4,4,0,100,800,200,
道具,3,呪術ドクロ,腐敗の繭,5,呪の一撃,,6,0,0,6,100,800,200,
道具,4,オリファンの角笛,師団活性,5,奇襲警戒,12,8,4,0,4,100,1600,400,
道具,4,戦術指導教本,必殺増加,10,奇襲戦法,12,6,6,0,4,100,1600,400,
道具,4,バリアリーフ,バリアー,1,堅守体躯,10,0,16,0,0,100,1600,400,
道具,4,デビルマダムの煙管,カブト割,10,戦意高揚,25,10,0,0,6,100,1600,400,
道具,4,瓶詰の心臓,解毒抗体,50,必殺耐性,15,0,12,4,0,100,1600,400,
道具,5,ビーストリキッド,全力攻撃,15,狂奔の牙,5,16,12,0,-8,100,3200,800,
道具,5,フェネの丸秘帳簿,撃破金運,6,トレハン,6,14,0,0,6,100,3200,800,
道具,5,ワイトレディ,夜戦適応,,リカバリ,15,10,10,0,0,100,3200,800,
道具,5,触手印の治癒溶液,酸化抗体,50,受け流し,15,0,20,0,0,100,3200,800,
道具,5,呪術黄金ドクロ,腐敗の繭,10,結界の歪,10,12,0,0,8,100,3200,800,
道具,6,日輪扇,多段攻撃,1,特攻防御,20,8,12,0,4,100,9600,2400,
道具,6,シャープネスアイ,致命必殺,45,確率追撃,35,0,0,14,10,100,9600,2400,
道具,6,ブラッドラグーン,無形体躯,20,吸血攻撃,7,18,0,0,6,100,9600,2400,
道具,6,伝達水晶,戦術妨害,40,戦意高揚,60,0,12,8,4,100,9600,2400,
道具,6,エビルブラックボトル,必殺増加,15,反撃倍加,2,16,0,16,-8,100,9600,2400,
道具,7,魔界炸裂弾,扇形攻撃,,自決自爆,50,36,-8,0,0,100,19200,4800,
道具,7,万能薬,全体治癒,8,絶対治療,,12,12,0,4,100,19200,4800,
道具,7,ソルティムーン,日中適応,,夜行生物,25,7,7,7,7,100,19200,4800,
道具,7,ルーンストーン,大魔術陣,8,四法結界,10,8,8,6,6,100,19200,4800,
道具,7,魔女の薬壺,万能抗体,100,強酸砲弾,8,0,18,0,10,100,19200,4800,
道具,8,大公印の医療鞄,師団活性,20,女性特攻,1,26,0,0,6,10,32000,8000,
道具,8,鏡の国の架け橋,奇襲戦法,20,側面攻撃,20,15,0,15,2,10,32000,8000,
道具,8,破邪符,必殺増加,25,砲撃結界,25,16,12,0,4,10,32000,8000,
道具,8,口寄せの巻物,巨人狩り,30,兵士運搬,,16,0,16,0,10,32000,8000,
道具,8,トラップツール,罠の領域,,致命必殺,50,4,4,20,4,10,32000,8000,
道具,9,シャドウグリモア,多段攻撃,2,解除攻撃,,32,0,0,8,4,64000,,
道具,9,ヴァナヘイム,対術結界,40,戦術結界,35,0,32,0,8,4,64000,,
道具,9,ライラの竪琴,トレハン,16,師団弱体,15,4,0,32,4,4,64000,,
道具,9,地獄鬼のどぶろく,カブト割,25,狂戦士化,25,60,0,0,-20,4,64000,,
道具,9,ヴァルハラの聖典,危機管理,35,結界の歪,20,16,16,0,8,4,64000,,
道具,10,ヨーキエリクシル,リカバリ,40,堅守体躯,30,0,50,0,-2,4,96000,,
道具,10,ミュステリオン,平等治癒,12,リバイブ,30,8,24,8,8,4,96000,,
道具,10,ラーベラカルクス,対術結界,50,砲撃結界,40,24,12,0,12,4,96000,,
道具,10,月神の聖典,全力攻撃,50,乾坤一擲,50,16,24,0,8,4,96000,,
道具,10,パンドラのお弁当箱,恐怖の瞳,25,グルメ魂,8,24,24,-4,4,4,96000,,
道具,11,ギャラルホルン,確率追撃,125,速度支配,40,0,0,60,0,3,128000,,
道具,11,シャリーアの聖杯,平等治癒,15,血の起源,15,0,40,0,20,3,128000,,
道具,11,デモンロイヤル,巨人狩り,50,堅守体躯,35,66,0,0,-6,3,128000,,
道具,11,フツノミタマ,四法結界,25,至高の盾,30,0,48,0,12,3,128000,,
道具,11,ウルティマケトル,カブト割,50,危機管理,25,46,16,-10,8,3,128000,,
道具,12,ウルザルブルン,バリアー,10,十字無効,,16,44,0,12,3,192000,,
道具,12,黒竜の魔導書,竜の吐息,10,対術結界,80,60,0,0,12,3,192000,,
道具,12,極夜の鍵,致命必殺,200,愚者の嘘,1,48,24,0,0,3,192000,,
道具,12,シャハラインの傘,対術吸収,100,無形体躯,40,32,32,0,8,3,192000,,
道具,12,神鍋フリングホルニ,堅守体躯,50,グルメ魂,9,0,72,-20,10,3,192000,,
道具,13,聖樹の鍵,師団指揮,15,トレハン,24,40,24,10,10,2,256000,,
道具,13,ヒュギエイアの盃,魔族支配,50,術式増幅,20,70,30,-8,-8,2,256000,,
道具,13,暗獄の六翼,確率追撃,200,加速進化,10,42,0,42,0,2,256000,,
道具,13,黒鏡フツノミタマ,戦術妨害,100,次元障壁,40,-32,100,0,16,2,256000,,
道具,13,異次元放浪メニュー,運命の輪,20,グルメ魂,10,21,21,21,21,2,256000,,
道具,14,闇の書,師団弱体,30,愚者の嘘,2,80,-20,10,30,1,320000,,
道具,14,竜杯,次元斬撃,50,暴走攻撃,90,40,40,15,5,1,320000,,
道具,14,極竜の心臓,リカバリ,255,堅守体躯,90,120,0,0,-20,1,320000,,
道具,14,レメゲトンの魔書,戦術補助,400,結界の歪,100,40,20,20,20,1,320000,,
道具,14,シンスルトの宝玉,集約攻撃,,全種特攻,1,80,80,-30,-30,1,320000,,
糧食,1,爆弾おにぎり,自爆障壁,15,,,4,0,0,0,100,200,50,
糧食,1,魔界みそ汁,反撃耐性,10,,,0,4,0,0,100,200,50,
糧食,1,フライングチキン,特攻防御,5,,,0,0,4,0,100,200,50,
糧食,1,マタンゴソテー,致命必殺,10,,,0,3,0,1,100,200,50,
糧食,1,バレット納豆,暴走攻撃,5,,,3,0,1,0,100,200,50,
糧食,2,フェアリーチーズ,自己治癒,3,,,0,0,6,2,100,400,100,
糧食,2,かち氷,グルメ魂,1,,,6,0,2,0,100,400,100,
糧食,2,きんぴかごぼう,必殺増加,5,,,6,2,0,0,100,400,100,
糧食,2,海鮮まりもサラダ,反撃倍加,1,,,0,8,0,0,100,400,100,
糧食,2,触手アンドチップス,連携攻撃,10,,,4,0,4,0,100,400,100,
糧食,3,ファンガスパスタ,確率追撃,15,,,0,0,12,0,100,800,200,
糧食,3,アルラウネジュース,解毒治療,,,,6,0,4,2,100,800,200,
糧食,3,魔蟲の琥珀ゼリー,麻痺治療,,,,6,0,6,0,100,800,200,
糧食,3,紅蓮ようかん,グルメ魂,2,,,0,0,10,2,100,800,200,
糧食,3,岩石ヴィシソワーズ,無形体躯,10,,,0,12,0,0,100,800,200,
糧食,4,魔界キビ団子,グルメ魂,3,,,8,0,6,2,100,1600,400,
糧食,4,割腹プリン,削減治療,,,,12,0,4,0,100,1600,400,
糧食,4,魔界ハチミツアイス,解呪治療,,,,4,0,8,4,100,1600,400,
糧食,4,コボルドクッキー,バリアー,2,,,8,0,8,0,100,1600,400,
糧食,4,ゾンビシューマイ,思考停止,,,,22,0,0,-6,100,1600,400,
糧食,5,女房のはまぐりご飯,対術結界,10,,,8,0,10,2,100,3200,800,
糧食,5,毒鳥の鉄砲焼き鳥,特攻防御,15,,,4,16,0,0,100,3200,800,
糧食,5,ブラッドスープ,反撃耐性,20,,,12,8,0,0,100,3200,800,
糧食,5,魔界ビフテキ,堅守体躯,10,,,8,12,0,0,100,3200,800,
糧食,5,ゴールドカタラーナ,撃破金運,5,,,0,8,8,4,100,3200,800,
糧食,6,セイントブレッド,戦術結界,15,,,4,0,16,4,100,9600,2400,
糧食,6,いなづまおこし,リカバリ,20,,,10,4,10,0,100,9600,2400,
糧食,6,パンダ麻婆豆腐,必殺増加,15,,,18,6,0,0,100,9600,2400,
糧食,6,ラフアップルパイ,グルメ魂,4,,,8,0,12,4,100,9600,2400,
糧食,6,クラーケン焼き飯,側面攻撃,7,,,10,0,14,0,100,9600,2400,
糧食,7,斬星大根,致命必殺,40,,,24,4,0,0,100,19200,4800,
糧食,7,フレアロブスター,自爆結界,15,,,16,0,12,0,100,19200,4800,
糧食,7,ビョールグレイ,異常耐性,,,,0,28,0,0,100,19200,4800,
糧食,7,特製ドラゴン餃子,カブト割,10,,,28,0,0,0,100,19200,4800,
糧食,7,エンジェルムニエル,巨人狩り,10,,,16,8,0,4,100,19200,4800,
糧食,8,鬼饅頭,トレハン,4,,,12,0,16,4,28,32000,8000,
糧食,8,天使飯,砲撃結界,15,,,0,0,24,8,28,32000,8000,
糧食,8,魔獣の骨髄ロースト,特攻防御,30,,,8,24,0,0,28,32000,8000,
糧食,8,パーシモン青椒肉絲,反撃倍加,3,,,16,16,0,0,28,32000,8000,
糧食,8,ヴィーナスフラッペ,万能抗体,30,,,0,20,0,12,28,32000,8000,
糧食,9,鬼ソバ,確率追撃,30,,,0,0,40,0,24,64000,,
糧食,9,ブラッドボルシチ,反撃耐性,30,,,28,12,0,0,24,64000,,
糧食,9,ゴッドてんぷら,必殺増加,25,,,20,0,20,0,24,64000,,
糧食,9,ドラセナンサラダ,全力攻撃,25,,,40,0,0,0,24,64000,,
糧食,9,フェニックス唐揚げ,乾坤一擲,30,,,20,20,0,0,24,64000,,
糧食,10,地獄の愛情ラーメン,多段攻撃,1,,,24,0,24,0,20,96000,,
糧食,10,アルケミーバーガー,トレハン,7,,,16,0,20,12,20,96000,,
糧食,10,ドラゴンステーキ,竜の吐息,2,,,24,24,0,0,20,96000,,
糧食,10,十四尾きつねうどん,確率追撃,60,,,9,2,3,14,20,96000,,
糧食,10,神牛のハンバーグ,神魔体躯,5,,,0,42,0,6,20,96000,,
糧食,11,魔海の幸黄金カレー,自爆結界,25,,,30,0,24,6,16,128000,,
糧食,11,常闇鍋,無形体躯,25,,,40,40,0,-20,16,128000,,
糧食,11,極上魔界ビフテキ,堅守体躯,20,,,10,50,0,0,16,128000,,
糧食,11,コメット炒飯,対術結界,25,,,20,0,32,8,16,128000,,
糧食,11,死神のカルパッチョ,四法結界,5,,,24,0,24,12,16,128000,,
糧食,12,百宝菜,カブト割,20,,,40,0,32,0,12,192000,,
糧食,12,ロンタン麺,多段攻撃,2,,,24,0,48,0,12,192000,,
糧食,12,不死身の寿司,戦術結界,30,,,24,0,36,12,12,192000,,
糧食,12,神龍のひげ飴,軍団治癒,5,,,12,60,0,0,12,192000,,
糧食,12,世界樹ピッツァ,トレハン,10,,,24,12,24,12,12,192000,,
糧食,13,ゴッデスサンデー,リバイブ,20,,,0,64,0,20,8,256000,,
糧食,13,奉神米,砲撃結界,35,,,36,12,24,12,8,256000,,
糧食,13,神竜ステーキ,堅守体躯,30,,,48,36,0,0,8,256000,,
糧食,13,地獄磯焼き,自爆結界,35,,,24,16,32,12,8,256000,,
糧食,13,天地開闢越しそば,疾風迅雷,5,,,24,24,36,0,8,256000,,
糧食,14,神魔全席,神魔体躯,10,,,25,25,25,25,4,320000,,
糧食,14,ジェネシスワイン,回帰治癒,15,,,0,84,0,16,4,320000,,
糧食,14,太陽鳥のケバブ,トレハン,13,,,0,50,40,10,4,320000,,
糧食,14,絶神屋台のおでん,次元斬撃,25,,,50,40,0,10,4,320000,,
糧食,14,機械仕掛のリブロース,運命改変,15,,,40,30,30,0,4,320000,,